Workbook

Sheet L0
A1: 序号 | B1: X1 | C1: Y1 | D1: X2 | E1: Y2 | F1: X3 | G1: Y3 | H1: X4 | I1: Y4
A2: 1710 | B2: 895 | C2: 438 | D2: 993 | E2: 535 | F2: 913 | G2: 483 | H2: 917 | I2: 487
A3: 1730 | B3: 892 | C3: 440 | D3: 988 | E3: 536 | F3: 911 | G3: 486 | H3: 915 | I3: 490
A4: 1750 | B4: 888 | C4: 442 | D4: 985 | E4: 538 | F4: 908 | G4: 492 | H4: 912 | I4: 496
A5: 1770 | B5: 884 | C5: 443 | D5: 981 | E5: 541 | F5: 904 | G5: 502 | H5: 908 | I5: 506
A6: 1790 | B6: 880 | C6: 446 | D6: 978 | E6: 543 | F6: 902 | G6: 506 | H6: 906 | I6: 510
A7: 1810 | B7: 876 | C7: 447 | D7: 974 | E7: 545 | F7: 900 | G7: 511 | H7: 904 | I7: 515
A8: 1830 | B8: 873 | C8: 449 | D8: 970 | E8: 546 | F8: 898 | G8: 516 | H8: 902 | I8: 520
A9: 1850 | B9: 869 | C9: 451 | D9: 966 | E9: 548 | F9: 897 | G9: 521 | H9: 901 | I9: 525
A10: 1870 | B10: 865 | C10: 453 | D10: 962 | E10: 550 | F10: 896 | G10: 526 | H10: 900 | I10: 530
A11: 1890 | B11: 862 | C11: 455 | D11: 959 | E11: 552 | F11: 895 | G11: 529 | H11: 899 | I11: 533
A12: 1910 | B12: 858 | C12: 457 | D12: 955 | E12: 555 | F12: 893 | G12: 533 | H12: 897 | I12: 537
A13: 1930 | B13: 854 | C13: 460 | D13: 952 | E13: 558 | F13: 892 | G13: 535 | H13: 896 | I13: 539
... A112: 3910 | B112: 496 | C112: 779 | D112: 590 | E112: 874 | F112: 569 | G112: 795 | H112: 573 | I112: 799

Sheet L1
A1: 序号 | B1: X0 | C1: Y0 | D1: R | E1: X5 | F1: Y5 | H1: a0-a2 | I1: Y0(二次项) | J1: Y0(五次项) | L1: a0-a2 | M1: X0(对照1) | N1: Y0(对照1) | O1: (对照1二次项) | P1: (对照1五次项)
A2: 1710 | B2: =(L0!B2+L0!D2)/2 -> 944 | C2: =(L0!C2+L0!E2)/2 -> 486.5 | D2: =(L0!D2-L0!B2+L0!E2-L0!C2)/4 -> 48.75 | E2: =(L0!F2+L0!H2)/2 -> 915 | F2: =(L0!G2+L0!I2)/2 -> 485 | H2: 1742.67 | I2: =$H$2+$H$3*B2+$H$4*B2^2 -> 486.23023 | J2: =$H$7+$H$8*B2+$H$9*B2^2+$H$10*B2^3+$H$11*B2^4+$H$12*B2^5 -> 486.54672 | L2: 1685.99 | M2: 946 | N2: 468 | O2: =$L$2+$L$3*M2+$L$4*M2^2 -> 462.82673 | P2: =$L$7+$L$8*M2+$L$9*M2^2+$L$10*M2^3+$L$11*M2^4+$L$12*M2^5 -> 467.97326
A3: 1730 | B3: =(L0!B3+L0!D3)/2 -> 940 | C3: =(L0!C3+L0!E3)/2 -> 488 | D3: =(L0!D3-L0!B3+L0!E3-L0!C3)/4 -> 48 | E3: =(L0!F3+L0!H3)/2 -> 913 | F3: =(L0!G3+L0!I3)/2 -> 488 | H3: -2.17409 | I3: =$H$2+$H$3*B3+$H$4*B3^2 -> 488.19595 | J3: =$H$7+$H$8*B3+$H$9*B3^2+$H$10*B3^3+$H$11*B3^4+$H$12*B3^5 -> 488.50154 | L3: -2.05037 | M3: 944 | N3: 469 | O3: =$L$2+$L$3*M3+$L$4*M3^2 -> 463.90113 | P3: =$L$7+$L$8*M3+$L$9*M3^2+$L$10*M3^3+$L$11*M3^4+$L$12*M3^5 -> 468.99481
A4: 1750 | B4: =(L0!B4+L0!D4)/2 -> 936.5 | C4: =(L0!C4+L0!E4)/2 -> 490 | D4: =(L0!D4-L0!B4+L0!E4-L0!C4)/4 -> 48.25 | E4: =(L0!F4+L0!H4)/2 -> 910 | F4: =(L0!G4+L0!I4)/2 -> 494 | H4: 0.000893131 | I4: =$H$2+$H$3*B4+$H$4*B4^2 -> 489.93941 | J4: =$H$7+$H$8*B4+$H$9*B4^2+$H$10*B4^3+$H$11*B4^4+$H$12*B4^5 -> 490.23196 | L4: 0.000800619 | M4: 941 | N4: 471 | O4: =$L$2+$L$3*M4+$L$4*M4^2 -> 465.52474 | P4: =$L$7+$L$8*M4+$L$9*M4^2+$L$10*M4^3+$L$11*M4^4+$L$12*M4^5 -> 470.49836
A5: 1770 | B5: =(L0!B5+L0!D5)/2 -> 932.5 | C5: =(L0!C5+L0!E5)/2 -> 492 | D5: =(L0!D5-L0!B5+L0!E5-L0!C5)/4 -> 48.75 | E5: =(L0!F5+L0!H5)/2 -> 906 | F5: =(L0!G5+L0!I5)/2 -> 504 | I5: =$H$2+$H$3*B5+$H$4*B5^2 -> 491.95872 | J5: =$H$7+$H$8*B5+$H$9*B5^2+$H$10*B5^3+$H$11*B5^4+$H$12*B5^5 -> 492.23302 | M5: 936 | N5: 472 | O5: =$L$2+$L$3*M5+$L$4*M5^2 -> 468.26278 | P5: =$L$7+$L$8*M5+$L$9*M5^2+$L$10*M5^3+$L$11*M5^4+$L$12*M5^5 -> 472.94021
A6: 1790 | B6: =(L0!B6+L0!D6)/2 -> 929 | C6: =(L0!C6+L0!E6)/2 -> 494.5 | D6: =(L0!D6-L0!B6+L0!E6-L0!C6)/4 -> 48.75 | E6: =(L0!F6+L0!H6)/2 -> 904 | F6: =(L0!G6+L0!I6)/2 -> 508 | H6: a0-a5 | I6: =$H$2+$H$3*B6+$H$4*B6^2 -> 493.74906 | J6: =$H$7+$H$8*B6+$H$9*B6^2+$H$10*B6^3+$H$11*B6^4+$H$12*B6^5 -> 494.00493 | L6: a0-a5 | M6: 931 | N6: 473 | O6: =$L$2+$L$3*M6+$L$4*M6^2 -> 471.04086 | P6: =$L$7+$L$8*M6+$L$9*M6^2+$L$10*M6^3+$L$11*M6^4+$L$12*M6^5 -> 475.32144
A7: 1810 | B7: =(L0!B7+L0!D7)/2 -> 925 | C7: =(L0!C7+L0!E7)/2 -> 496 | D7: =(L0!D7-L0!B7+L0!E7-L0!C7)/4 -> 49 | E7: =(L0!F7+L0!H7)/2 -> 902 | F7: =(L0!G7+L0!I7)/2 -> 513 | H7: 3970.95 | I7: =$H$2+$H$3*B7+$H$4*B7^2 -> 495.82196 | J7: =$H$7+$H$8*B7+$H$9*B7^2+$H$10*B7^3+$H$11*B7^4+$H$12*B7^5 -> 496.05447 | L7: 35937.5 | M7: 927 | N7: 475 | O7: =$L$2+$L$3*M7+$L$4*M7^2 -> 473.29213 | P7: =$L$7+$L$8*M7+$L$9*M7^2+$L$10*M7^3+$L$11*M7^4+$L$12*M7^5 -> 477.19688
A8: 1830 | B8: =(L0!B8+L0!D8)/2 -> 921.5 | C8: =(L0!C8+L0!E8)/2 -> 497.5 | D8: =(L0!D8-L0!B8+L0!E8-L0!C8)/4 -> 48.5 | E8: =(L0!F8+L0!H8)/2 -> 900 | F8: =(L0!G8+L0!I8)/2 -> 518 | H8: -17.1205 | I8: =$H$2+$H$3*B8+$H$4*B8^2 -> 497.65919 | J8: =$H$7+$H$8*B8+$H$9*B8^2+$H$10*B8^3+$H$11*B8^4+$H$12*B8^5 -> 497.86969 | L8: -233.676 | M8: 922 | N8: 477 | O8: =$L$2+$L$3*M8+$L$4*M8^2 -> 476.14226 | P8: =$L$7+$L$8*M8+$L$9*M8^2+$L$10*M8^3+$L$11*M8^4+$L$12*M8^5 -> 479.52055
A9: 1850 | B9: =(L0!B9+L0!D9)/2 -> 917.5 | C9: =(L0!C9+L0!E9)/2 -> 499.5 | D9: =(L0!D9-L0!B9+L0!E9-L0!C9)/4 -> 48.5 | E9: =(L0!F9+L0!H9)/2 -> 899 | F9: =(L0!G9+L0!I9)/2 -> 523 | H9: 0.0405675 | I9: =$H$2+$H$3*B9+$H$4*B9^2 -> 499.78568 | J9: =$H$7+$H$8*B9+$H$9*B9^2+$H$10*B9^3+$H$11*B9^4+$H$12*B9^5 -> 499.96969 | L9: 0.62041 | M9: 918 | N9: 479 | O9: =$L$2+$L$3*M9+$L$4*M9^2 -> 478.45119 | P9: =$L$7+$L$8*M9+$L$9*M9^2+$L$10*M9^3+$L$11*M9^4+$L$12*M9^5 -> 481.37417
A10: 1870 | B10: =(L0!B10+L0!D10)/2 -> 913.5 | C10: =(L0!C10+L0!E10)/2 -> 501.5 | D10: =(L0!D10-L0!B10+L0!E10-L0!C10)/4 -> 48.5 | E10: =(L0!F10+L0!H10)/2 -> 898 | F10: =(L0!G10+L0!I10)/2 -> 528 | H10: -5.21071e-05 | I10: =$H$2+$H$3*B10+$H$4*B10^2 -> 501.94075 | J10: =$H$7+$H$8*B10+$H$9*B10^2+$H$10*B10^3+$H$11*B10^4+$H$12*B10^5 -> 502.09731 | L10: -0.000819723 | M10: 914 | N10: 481 | O10: =$L$2+$L$3*M10+$L$4*M10^2 -> 480.78573 | P10: =$L$7+$L$8*M10+$L$9*M10^2+$L$10*M10^3+$L$11*M10^4+$L$12*M10^5 -> 483.2323
A11: 1890 | B11: =(L0!B11+L0!D11)/2 -> 910.5 | C11: =(L0!C11+L0!E11)/2 -> 503.5 | D11: =(L0!D11-L0!B11+L0!E11-L0!C11)/4 -> 48.5 | E11: =(L0!F11+L0!H11)/2 -> 897 | F11: =(L0!G11+L0!I11)/2 -> 531 | H11: 3.38718e-08 | I11: =$H$2+$H$3*B11+$H$4*B11^2 -> 503.57581 | J11: =$H$7+$H$8*B11+$H$9*B11^2+$H$10*B11^3+$H$11*B11^4+$H$12*B11^5 -> 503.71142 | L11: 5.36494e-07 | M11: 910 | N11: 484 | O11: =$L$2+$L$3*M11+$L$4*M11^2 -> 483.14589 | P11: =$L$7+$L$8*M11+$L$9*M11^2+$L$10*M11^3+$L$11*M11^4+$L$12*M11^5 -> 485.10278
A12: 1910 | B12: =(L0!B12+L0!D12)/2 -> 906.5 | C12: =(L0!C12+L0!E12)/2 -> 506 | D12: =(L0!D12-L0!B12+L0!E12-L0!C12)/4 -> 48.75 | E12: =(L0!F12+L0!H12)/2 -> 895 | F12: =(L0!G12+L0!I12)/2 -> 535 | H12: -8.7214e-12 | I12: =$H$2+$H$3*B12+$H$4*B12^2 -> 505.78089 | J12: =$H$7+$H$8*B12+$H$9*B12^2+$H$10*B12^3+$H$11*B12^4+$H$12*B12^5 -> 505.88843 | L12: -1.39015e-10 | M12: 906 | N12: 486 | O12: =$L$2+$L$3*M12+$L$4*M12^2 -> 485.53168 | P12: =$L$7+$L$8*M12+$L$9*M12^2+$L$10*M12^3+$L$11*M12^4+$L$12*M12^5 -> 486.99285
A13: 1930 | B13: =(L0!B13+L0!D13)/2 -> 903 | C13: =(L0!C13+L0!E13)/2 -> 509 | D13: =(L0!D13-L0!B13+L0!E13-L0!C13)/4 -> 49 | E13: =(L0!F13+L0!H13)/2 -> 894 | F13: =(L0!G13+L0!I13)/2 -> 537 | I13: =$H$2+$H$3*B13+$H$4*B13^2 -> 507.73379 | J13: =$H$7+$H$8*B13+$H$9*B13^2+$H$10*B13^3+$H$11*B13^4+$H$12*B13^5 -> 507.81691 | M13: 902 | N13: 488 | O13: =$L$2+$L$3*M13+$L$4*M13^2 -> 487.94308 | P13: =$L$7+$L$8*M13+$L$9*M13^2+$L$10*M13^3+$L$11*M13^4+$L$12*M13^5 -> 488.90914
A14: 1950 | B14: =(L0!B14+L0!D14)/2 -> 899.5 | C14: =(L0!C14+L0!E14)/2 -> 510 | D14: =(L0!D14-L0!B14+L0!E14-L0!C14)/4 -> 48.25 | E14: =(L0!F14+L0!H14)/2 -> 893 | F14: =(L0!G14+L0!I14)/2 -> 542 | I14: =$H$2+$H$3*B14+$H$4*B14^2 -> 509.70856 | J14: =$H$7+$H$8*B14+$H$9*B14^2+$H$10*B14^3+$H$11*B14^4+$H$12*B14^5 -> 509.76764 | M14: 898 | N14: 490 | O14: =$L$2+$L$3*M14+$L$4*M14^2 -> 490.3801 | P14: =$L$7+$L$8*M14+$L$9*M14^2+$L$10*M14^3+$L$11*M14^4+$L$12*M14^5 -> 490.85775
A15: 1970 | B15: =(L0!B15+L0!D15)/2 -> 895.5 | C15: =(L0!C15+L0!E15)/2 -> 512 | D15: =(L0!D15-L0!B15+L0!E15-L0!C15)/4 -> 48.25 | E15: =(L0!F15+L0!H15)/2 -> 893 | F15: =(L0!G15+L0!I15)/2 -> 543 | I15: =$H$2+$H$3*B15+$H$4*B15^2 -> 511.99224 | J15: =$H$7+$H$8*B15+$H$9*B15^2+$H$10*B15^3+$H$11*B15^4+$H$12*B15^5 -> 512.02459 | M15: 895 | N15: 492 | O15: =$L$2+$L$3*M15+$L$4*M15^2 -> 492.22468 | P15: =$L$7+$L$8*M15+$L$9*M15^2+$L$10*M15^3+$L$11*M15^4+$L$12*M15^5 -> 492.34374
A16: 1990 | B16: =(L0!B16+L0!D16)/2 -> 892 | C16: =(L0!C16+L0!E16)/2 -> 514 | D16: =(L0!D16-L0!B16+L0!E16-L0!C16)/4 -> 48 | E16: =(L0!F16+L0!H16)/2 -> 892 | F16: =(L0!G16+L0!I16)/2 -> 546 | I16: =$H$2+$H$3*B16+$H$4*B16^2 -> 514.0139 | J16: =$H$7+$H$8*B16+$H$9*B16^2+$H$10*B16^3+$H$11*B16^4+$H$12*B16^5 -> 514.02372 | M16: 891 | N16: 495 | O16: =$L$2+$L$3*M16+$L$4*M16^2 -> 494.70654 | P16: =$L$7+$L$8*M16+$L$9*M16^2+$L$10*M16^3+$L$11*M16^4+$L$12*M16^5 -> 494.36184
A17: 2010 | B17: =(L0!B17+L0!D17)/2 -> 887.5 | C17: =(L0!C17+L0!E17)/2 -> 516.5 | D17: =(L0!D17-L0!B17+L0!E17-L0!C17)/4 -> 48.5 | E17: =(L0!F17+L0!H17)/2 -> 892 | F17: =(L0!G17+L0!I17)/2 -> 549 | I17: =$H$2+$H$3*B17+$H$4*B17^2 -> 516.64534 | J17: =$H$7+$H$8*B17+$H$9*B17^2+$H$10*B17^3+$H$11*B17^4+$H$12*B17^5 -> 516.62768 | M17: 887 | N17: 497 | O17: =$L$2+$L$3*M17+$L$4*M17^2 -> 497.21402 | P17: =$L$7+$L$8*M17+$L$9*M17^2+$L$10*M17^3+$L$11*M17^4+$L$12*M17^5 -> 496.42613
A18: 2030 | B18: =(L0!B18+L0!D18)/2 -> 884 | C18: =(L0!C18+L0!E18)/2 -> 518.5 | D18: =(L0!D18-L0!B18+L0!E18-L0!C18)/4 -> 48.25 | E18: =(L0!F18+L0!H18)/2 -> 892 | F18: =(L0!G18+L0!I18)/2 -> 551 | I18: =$H$2+$H$3*B18+$H$4*B18^2 -> 518.71702 | J18: =$H$7+$H$8*B18+$H$9*B18^2+$H$10*B18^3+$H$11*B18^4+$H$12*B18^5 -> 518.67933 | M18: 883 | N18: 499 | O18: =$L$2+$L$3*M18+$L$4*M18^2 -> 499.74712 | P18: =$L$7+$L$8*M18+$L$9*M18^2+$L$10*M18^3+$L$11*M18^4+$L$12*M18^5 -> 498.5407
A19: 2050 | B19: =(L0!B19+L0!D19)/2 -> 880.5 | C19: =(L0!C19+L0!E19)/2 -> 521.5 | D19: =(L0!D19-L0!B19+L0!E19-L0!C19)/4 -> 48.5 | E19: =(L0!F19+L0!H19)/2 -> 891 | F19: =(L0!G19+L0!I19)/2 -> 553 | I19: =$H$2+$H$3*B19+$H$4*B19^2 -> 520.81058 | J19: =$H$7+$H$8*B19+$H$9*B19^2+$H$10*B19^3+$H$11*B19^4+$H$12*B19^5 -> 520.75419 | M19: 879 | N19: 501 | O19: =$L$2+$L$3*M19+$L$4*M19^2 -> 502.30583 | P19: =$L$7+$L$8*M19+$L$9*M19^2+$L$10*M19^3+$L$11*M19^4+$L$12*M19^5 -> 500.70913
A20: 2070 | B20: =(L0!B20+L0!D20)/2 -> 877 | C20: =(L0!C20+L0!E20)/2 -> 523 | D20: =(L0!D20-L0!B20+L0!E20-L0!C20)/4 -> 48 | E20: =(L0!F20+L0!H20)/2 -> 893 | F20: =(L0!G20+L0!I20)/2 -> 556 | I20: =$H$2+$H$3*B20+$H$4*B20^2 -> 522.92602 | J20: =$H$7+$H$8*B20+$H$9*B20^2+$H$10*B20^3+$H$11*B20^4+$H$12*B20^5 -> 522.85238 | M20: 875 | N20: 503 | O20: =$L$2+$L$3*M20+$L$4*M20^2 -> 504.89017 | P20: =$L$7+$L$8*M20+$L$9*M20^2+$L$10*M20^3+$L$11*M20^4+$L$12*M20^5 -> 502.93454
A21: 2090 | B21: =(L0!B21+L0!D21)/2 -> 873.5 | C21: =(L0!C21+L0!E21)/2 -> 525.5 | D21: =(L0!D21-L0!B21+L0!E21-L0!C21)/4 -> 48.5 | E21: =(L0!F21+L0!H21)/2 -> 893 | F21: =(L0!G21+L0!I21)/2 -> 556 | I21: =$H$2+$H$3*B21+$H$4*B21^2 -> 525.06335 | J21: =$H$7+$H$8*B21+$H$9*B21^2+$H$10*B21^3+$H$11*B21^4+$H$12*B21^5 -> 524.974 | M21: 871 | N21: 506 | O21: =$L$2+$L$3*M21+$L$4*M21^2 -> 507.50013 | P21: =$L$7+$L$8*M21+$L$9*M21^2+$L$10*M21^3+$L$11*M21^4+$L$12*M21^5 -> 505.21957
A22: 2110 | B22: =(L0!B22+L0!D22)/2 -> 869.5 | C22: =(L0!C22+L0!E22)/2 -> 528 | D22: =(L0!D22-L0!B22+L0!E22-L0!C22)/4 -> 48.25 | E22: =(L0!F22+L0!H22)/2 -> 892 | F22: =(L0!G22+L0!I22)/2 -> 557 | I22: =$H$2+$H$3*B22+$H$4*B22^2 -> 527.5328 | J22: =$H$7+$H$8*B22+$H$9*B22^2+$H$10*B22^3+$H$11*B22^4+$H$12*B22^5 -> 527.4275 | M22: 867 | N22: 508 | O22: =$L$2+$L$3*M22+$L$4*M22^2 -> 510.13571 | P22: =$L$7+$L$8*M22+$L$9*M22^2+$L$10*M22^3+$L$11*M22^4+$L$12*M22^5 -> 507.56645
A23: 2130 | B23: =(L0!B23+L0!D23)/2 -> 865.5 | C23: =(L0!C23+L0!E23)/2 -> 530.5 | D23: =(L0!D23-L0!B23+L0!E23-L0!C23)/4 -> 48.5 | E23: =(L0!F23+L0!H23)/2 -> 892 | F23: =(L0!G23+L0!I23)/2 -> 557 | I23: =$H$2+$H$3*B23+$H$4*B23^2 -> 530.03083 | J23: =$H$7+$H$8*B23+$H$9*B23^2+$H$10*B23^3+$H$11*B23^4+$H$12*B23^5 -> 529.91181 | M23: 863 | N23: 510 | O23: =$L$2+$L$3*M23+$L$4*M23^2 -> 512.7969 | P23: =$L$7+$L$8*M23+$L$9*M23^2+$L$10*M23^3+$L$11*M23^4+$L$12*M23^5 -> 509.97696
A24: 2150 | B24: =(L0!B24+L0!D24)/2 -> 861.5 | C24: =(L0!C24+L0!E24)/2 -> 532 | D24: =(L0!D24-L0!B24+L0!E24-L0!C24)/4 -> 47.75 | E24: =(L0!F24+L0!H24)/2 -> 891 | F24: =(L0!G24+L0!I24)/2 -> 558 | I24: =$H$2+$H$3*B24+$H$4*B24^2 -> 532.55744 | J24: =$H$7+$H$8*B24+$H$9*B24^2+$H$10*B24^3+$H$11*B24^4+$H$12*B24^5 -> 532.42702 | M24: 860 | N24: 512 | O24: =$L$2+$L$3*M24+$L$4*M24^2 -> 514.80961 | P24: =$L$7+$L$8*M24+$L$9*M24^2+$L$10*M24^3+$L$11*M24^4+$L$12*M24^5 -> 511.82745
... A112: 3910 | B112: =(L0!B112+L0!D112)/2 -> 543 | C112: =(L0!C112+L0!E112)/2 -> 826.5 | D112: =(L0!D112-L0!B112+L0!E112-L0!C112)/4 -> 47.25 | E112: =(L0!F112+L0!H112)/2 -> 571 | F112: =(L0!G112+L0!I112)/2 -> 797 | I112: =$H$2+$H$3*B112+$H$4*B112^2 -> 825.47791 | J112: =$H$7+$H$8*B112+$H$9*B112^2+$H$10*B112^3+$H$11*B112^4+$H$12*B112^5 -> 826.27419 | M112: 544 | N112: 818 | O112: =$L$2+$L$3*M112+$L$4*M112^2 -> 807.5207 | P112: =$L$7+$L$8*M112+$L$9*M112^2+$L$10*M112^3+$L$11*M112^4+$L$12*M112^5 -> 814.98524
D113: =AVERAGE(D2:D112) -> 47.664414

Sheet L2
A1: 序号 | B1: X6 | C1: Y6 | D1: Z6 | E1: X9 | F1: Y9
A2: 1710 | B2: ='L1'!E2-'L1'!B2 -> -29 | C2: =-('L1'!F2-'L1'!C2) -> 1.5 | D2: =SQRT(47.44*47.44-B2*B2-C2*C2) -> 37.514045 | E2: =COS(3.14/9*((A2-25)/20))*47.44 -> -20.687775 | F2: =SIN(3.14/9*((A2-25)/20))*47.44 -> -42.691563
A3: 1730 | B3: ='L1'!E3-'L1'!B3 -> -27 | C3: =-('L1'!F3-'L1'!C3) -> 0 | D3: =SQRT(47.44*47.44-B3*B3-C3*C3) -> 39.007097 | E3: =COS(3.14/9*((A3-25)/20))*47.44 -> -4.8471259 | F3: =SIN(3.14/9*((A3-25)/20))*47.44 -> -47.191726
A4: 1750 | B4: ='L1'!E4-'L1'!B4 -> -26.5 | C4: =-('L1'!F4-'L1'!C4) -> -4 | D4: =SQRT(47.44*47.44-B4*B4-C4*C4) -> 39.14465 | E4: =COS(3.14/9*((A4-25)/20))*47.44 -> 11.577571 | F4: =SIN(3.14/9*((A4-25)/20))*47.44 -> -46.005581
A5: 1770 | B5: ='L1'!E5-'L1'!B5 -> -26.5 | C5: =-('L1'!F5-'L1'!C5) -> -12 | D5: =SQRT(47.44*47.44-B5*B5-C5*C5) -> 37.474039 | E5: =COS(3.14/9*((A5-25)/20))*47.44 -> 26.607244 | F5: =SIN(3.14/9*((A5-25)/20))*47.44 -> -39.276051
A6: 1790 | B6: ='L1'!E6-'L1'!B6 -> -25 | C6: =-('L1'!F6-'L1'!C6) -> -13.5 | D6: =SQRT(47.44*47.44-B6*B6-C6*C6) -> 37.990836 | E6: =COS(3.14/9*((A6-25)/20))*47.44 -> 38.43091 | F6: =SIN(3.14/9*((A6-25)/20))*47.44 -> -27.814003
A7: 1810 | B7: ='L1'!E7-'L1'!B7 -> -23 | C7: =-('L1'!F7-'L1'!C7) -> -17 | D7: =SQRT(47.44*47.44-B7*B7-C7*C7) -> 37.84909 | E7: =COS(3.14/9*((A7-25)/20))*47.44 -> 45.623892 | F7: =SIN(3.14/9*((A7-25)/20))*47.44 -> -13.000542
A8: 1830 | B8: ='L1'!E8-'L1'!B8 -> -21.5 | C8: =-('L1'!F8-'L1'!C8) -> -20.5 | D8: =SQRT(47.44*47.44-B8*B8-C8*C8) -> 36.987209 | E8: =COS(3.14/9*((A8-25)/20))*47.44 -> 47.319481 | F8: =SIN(3.14/9*((A8-25)/20))*47.44 -> 3.3794027
A9: 1850 | B9: ='L1'!E9-'L1'!B9 -> -18.5 | C9: =-('L1'!F9-'L1'!C9) -> -23.5 | D9: =SQRT(47.44*47.44-B9*B9-C9*C9) -> 36.824633 | E9: =COS(3.14/9*((A9-25)/20))*47.44 -> 43.313368 | F9: =SIN(3.14/9*((A9-25)/20))*47.44 -> 19.352151
A10: 1870 | B10: ='L1'!E10-'L1'!B10 -> -15.5 | C10: =-('L1'!F10-'L1'!C10) -> -26.5 | D10: =SQRT(47.44*47.44-B10*B10-C10*C10) -> 36.167024 | E10: =COS(3.14/9*((A10-25)/20))*47.44 -> 34.088266 | F10: =SIN(3.14/9*((A10-25)/20))*47.44 -> 32.993086
A11: 1890 | B11: ='L1'!E11-'L1'!B11 -> -13.5 | C11: =-('L1'!F11-'L1'!C11) -> -27.5 | D11: =SQRT(47.44*47.44-B11*B11-C11*C11) -> 36.22228 | E11: =COS(3.14/9*((A11-25)/20))*47.44 -> 20.755741 | F11: =SIN(3.14/9*((A11-25)/20))*47.44 -> 42.658561
A12: 1910 | B12: ='L1'!E12-'L1'!B12 -> -11.5 | C12: =-('L1'!F12-'L1'!C12) -> -29 | D12: =SQRT(47.44*47.44-B12*B12-C12*C12) -> 35.739384 | E12: =COS(3.14/9*((A12-25)/20))*47.44 -> 4.9222798 | F12: =SIN(3.14/9*((A12-25)/20))*47.44 -> 47.183946
A13: 1930 | B13: ='L1'!E13-'L1'!B13 -> -9 | C13: =-('L1'!F13-'L1'!C13) -> -28 | D13: =SQRT(47.44*47.44-B13*B13-C13*C13) -> 37.223025 | E13: =COS(3.14/9*((A13-25)/20))*47.44 -> -11.504286 | F13: =SIN(3.14/9*((A13-25)/20))*47.44 -> 46.023961
... A112: 3910 | B112: ='L1'!E112-'L1'!B112 -> 28 | C112: =-('L1'!F112-'L1'!C112) -> 29.5 | D112: =SQRT(47.44*47.44-B112*B112-C112*C112) -> 24.419328 | E112: =COS(3.14/9*((A112-25)/20))*47.44 -> 10.696259 | F112: =SIN(3.14/9*((A112-25)/20))*47.44 -> -46.218434
A113: 3930 | E113: =COS(3.14/9*((A113-25)/20))*47.44 -> 25.851792 | F113: =SIN(3.14/9*((A113-25)/20))*47.44 -> -39.777361
A114: R=47.44

Sheet L3
A1: 序号 | B1: X7 | C1: Y7 | D1: Z7 | E1: |S| | F1: X8 | G1: Y8 | H1: Z8 | I1: X9 | J1: Y9
A2: 1710 | B2: ='L2'!C2*'L2'!D3-'L2'!D2*'L2'!C3 -> 58.510645 | C2: ='L2'!D2*'L2'!B3-'L2'!B2*'L2'!D3 -> 118.32658 | D2: ='L2'!B2*'L2'!C3-'L2'!C2*'L2'!B3 -> 40.5 | E2: =SQRT(B2*B2+C2*C2+D2*D2) -> 138.0758 | F2: =B2/E2*47.44 -> 20.103053 | G2: =C2/E2*47.44 -> 40.654577 | H2: =-D2/E2*47.44 -> -13.914966 | I2: =COS(3.14/9*((A2-25)/20))*47.44 -> -20.687775 | J2: =SIN(3.14/9*((A2-25)/20))*47.44 -> -42.691563
A3: 1730 | B3: ='L2'!C3*'L2'!D4-'L2'!D3*'L2'!C4 -> 156.02839 | C3: ='L2'!D3*'L2'!B4-'L2'!B3*'L2'!D4 -> 23.217477 | D3: ='L2'!B3*'L2'!C4-'L2'!C3*'L2'!B4 -> 108 | E3: =SQRT(B3*B3+C3*C3+D3*D3) -> 191.17507 | F3: =B3/E3*47.44 -> 38.718367 | G3: =C3/E3*47.44 -> 5.7614054 | H3: =-D3/E3*47.44 -> -26.800147 | I3: =COS(3.14/9*((A3-25)/20))*47.44 -> -4.8471259 | J3: =SIN(3.14/9*((A3-25)/20))*47.44 -> -47.191726
A4: 1750 | B4: ='L2'!C4*'L2'!D5-'L2'!D4*'L2'!C5 -> 319.83964 | C4: ='L2'!D4*'L2'!B5-'L2'!B4*'L2'!D5 -> -44.271183 | D4: ='L2'!B4*'L2'!C5-'L2'!C4*'L2'!B5 -> 212 | E4: =SQRT(B4*B4+C4*C4+D4*D4) -> 386.26588 | F4: =B4/E4*47.44 -> 39.281731 | G4: =C4/E4*47.44 -> -5.4372519 | H4: =-D4/E4*47.44 -> -26.037195 | I4: =COS(3.14/9*((A4-25)/20))*47.44 -> 11.577571 | J4: =SIN(3.14/9*((A4-25)/20))*47.44 -> -46.005581
A5: 1770 | B5: ='L2'!C5*'L2'!D6-'L2'!D5*'L2'!C6 -> 50.009498 | C5: ='L2'!D5*'L2'!B6-'L2'!B5*'L2'!D6 -> 69.906172 | D5: ='L2'!B5*'L2'!C6-'L2'!C5*'L2'!B6 -> 57.75 | E5: =SQRT(B5*B5+C5*C5+D5*D5) -> 103.55137 | F5: =B5/E5*47.44 -> 22.910858 | G5: =C5/E5*47.44 -> 32.026123 | H5: =-D5/E5*47.44 -> -26.457015 | I5: =COS(3.14/9*((A5-25)/20))*47.44 -> 26.607244 | J5: =SIN(3.14/9*((A5-25)/20))*47.44 -> -39.276051
A6: 1790 | B6: ='L2'!C6*'L2'!D7-'L2'!D6*'L2'!C7 -> 134.88149 | C6: ='L2'!D6*'L2'!B7-'L2'!B6*'L2'!D7 -> 72.438023 | D6: ='L2'!B6*'L2'!C7-'L2'!C6*'L2'!B7 -> 114.5 | E6: =SQRT(B6*B6+C6*C6+D6*D6) -> 191.18194 | F6: =B6/E6*47.44 -> 33.469574 | G6: =C6/E6*47.44 -> 17.974814 | H6: =-D6/E6*47.44 -> -28.412098 | I6: =COS(3.14/9*((A6-25)/20))*47.44 -> 38.43091 | J6: =SIN(3.14/9*((A6-25)/20))*47.44 -> -27.814003
A7: 1810 | B7: ='L2'!C7*'L2'!D8-'L2'!D7*'L2'!C8 -> 147.1238 | C7: ='L2'!D7*'L2'!B8-'L2'!B7*'L2'!D8 -> 36.950367 | D7: ='L2'!B7*'L2'!C8-'L2'!C7*'L2'!B8 -> 106 | E7: =SQRT(B7*B7+C7*C7+D7*D7) -> 185.05875 | F7: =B7/E7*47.44 -> 37.715336 | G7: =C7/E7*47.44 -> 9.4722644 | H7: =-D7/E7*47.44 -> -27.173209 | I7: =COS(3.14/9*((A7-25)/20))*47.44 -> 45.623892 | J7: =SIN(3.14/9*((A7-25)/20))*47.44 -> -13.000542
A8: 1830 | B8: ='L2'!C8*'L2'!D9-'L2'!D8*'L2'!C9 -> 114.29442 | C8: ='L2'!D8*'L2'!B9-'L2'!B8*'L2'!D9 -> 107.46625 | D8: ='L2'!B8*'L2'!C9-'L2'!C8*'L2'!B9 -> 126 | E8: =SQRT(B8*B8+C8*C8+D8*D8) -> 201.21683 | F8: =B8/E8*47.44 -> 26.94669 | G8: =C8/E8*47.44 -> 25.336842 | H8: =-D8/E8*47.44 -> -29.706462 | I8: =COS(3.14/9*((A8-25)/20))*47.44 -> 47.319481 | J8: =SIN(3.14/9*((A8-25)/20))*47.44 -> 3.3794027
A9: 1850 | B9: ='L2'!C9*'L2'!D10-'L2'!D9*'L2'!C10 -> 125.92772 | C9: ='L2'!D9*'L2'!B10-'L2'!B9*'L2'!D10 -> 98.308125 | D9: ='L2'!B9*'L2'!C10-'L2'!C9*'L2'!B10 -> 126 | E9: =SQRT(B9*B9+C9*C9+D9*D9) -> 203.46567 | F9: =B9/E9*47.44 -> 29.361273 | G9: =C9/E9*47.44 -> 22.921496 | H9: =-D9/E9*47.44 -> -29.378126 | I9: =COS(3.14/9*((A9-25)/20))*47.44 -> 43.313368 | J9: =SIN(3.14/9*((A9-25)/20))*47.44 -> 19.352151
A10: 1870 | B10: ='L2'!C10*'L2'!D11-'L2'!D10*'L2'!C11 -> 34.702719 | C10: ='L2'!D10*'L2'!B11-'L2'!B10*'L2'!D11 -> 73.190527 | D10: ='L2'!B10*'L2'!C11-'L2'!C10*'L2'!B11 -> 68.5 | E10: =SQRT(B10*B10+C10*C10+D10*D10) -> 106.08196 | F10: =B10/E10*47.44 -> 15.519104 | G10: =C10/E10*47.44 -> 32.730906 | H10: =-D10/E10*47.44 -> -30.633296 | I10: =COS(3.14/9*((A10-25)/20))*47.44 -> 34.088266 | J10: =SIN(3.14/9*((A10-25)/20))*47.44 -> 32.993086
A11: 1890 | B11: ='L2'!C11*'L2'!D12-'L2'!D11*'L2'!C12 -> 67.613061 | C11: ='L2'!D11*'L2'!B12-'L2'!B11*'L2'!D12 -> 65.925465 | D11: ='L2'!B11*'L2'!C12-'L2'!C11*'L2'!B12 -> 75.25 | E11: =SQRT(B11*B11+C11*C11+D11*D11) -> 120.74873 | F11: =B11/E11*47.44 -> 26.563953 | G11: =C11/E11*47.44 -> 25.900927 | H11: =-D11/E11*47.44 -> -29.564369 | I11: =COS(3.14/9*((A11-25)/20))*47.44 -> 20.755741 | J11: =SIN(3.14/9*((A11-25)/20))*47.44 -> 42.658561
A12: 1910 | B12: ='L2'!C12*'L2'!D13-'L2'!D12*'L2'!C13 -> -78.764965 | C12: ='L2'!D12*'L2'!B13-'L2'!B12*'L2'!D13 -> 106.41033 | D12: ='L2'!B12*'L2'!C13-'L2'!C12*'L2'!B13 -> 61 | E12: =SQRT(B12*B12+C12*C12+D12*D12) -> 145.7672 | F12: =B12/E12*47.44 -> -25.634092 | G12: =C12/E12*47.44 -> 34.631288 | H12: =-D12/E12*47.44 -> -19.852477 | I12: =COS(3.14/9*((A12-25)/20))*47.44 -> 4.9222798 | J12: =SIN(3.14/9*((A12-25)/20))*47.44 -> 47.183946
A13: 1930 | B13: ='L2'!C13*'L2'!D14-'L2'!D13*'L2'!C14 -> 227.55286 | C13: ='L2'!D13*'L2'!B14-'L2'!B13*'L2'!D14 -> 67.773748 | D13: ='L2'!B13*'L2'!C14-'L2'!C13*'L2'!B14 -> 106 | E13: =SQRT(B13*B13+C13*C13+D13*D13) -> 260.01843 | F13: =B13/E13*47.44 -> 41.516702 | G13: =C13/E13*47.44 -> 12.365226 | H13: =-D13/E13*47.44 -> -19.339552 | I13: =COS(3.14/9*((A13-25)/20))*47.44 -> -11.504286 | J13: =SIN(3.14/9*((A13-25)/20))*47.44 -> 46.023961
... A111: 3890 | B111: ='L2'!C111*'L2'!D112-'L2'!D111*'L2'!C112 -> -19.372805 | C111: ='L2'!D111*'L2'!B112-'L2'!B111*'L2'!D112 -> -125.02407 | D111: ='L2'!B111*'L2'!C112-'L2'!C111*'L2'!B112 -> 173.25 | E111: =SQRT(B111*B111+C111*C111+D111*D111) -> 214.52712 | F111: =B111/E111*47.44 -> -4.2840544 | G111: =C111/E111*47.44 -> -27.647515 | H111: =-D111/E111*47.44 -> -38.312079 | I111: =COS(3.14/9*((A111-25)/20))*47.44 -> -5.7481066 | J111: =SIN(3.14/9*((A111-25)/20))*47.44 -> -47.090475
A112: 3910 | B112: =-('L2'!C112*'L2'!D2-'L2'!D112*'L2'!C2) -> -1070.0353 | C112: =-('L2'!D112*'L2'!B2-'L2'!B112*'L2'!D2) -> 1758.5538 | D112: =-('L2'!B112*'L2'!C2-'L2'!C112*'L2'!B2) -> -897.5 | E112: =SQRT(B112*B112+C112*C112+D112*D112) -> 2245.661 | F112: =B112/E112*47.44 -> -22.604693 | G112: =C112/E112*47.44 -> 37.149771 | H112: =-D112/E112*47.44 -> 18.959852 | I112: =COS(3.14/9*((A112-25)/20))*47.44 -> 10.696259 | J112: =SIN(3.14/9*((A112-25)/20))*47.44 -> -46.218434
A113: 3930 | I113: =COS(3.14/9*((A113-25)/20))*47.44 -> 25.851792 | J113: =SIN(3.14/9*((A113-25)/20))*47.44 -> -39.777361
A114: R=47.44
A115: =SQRT(F112*F112+G112*G112)/47.44 -> 0.91666362 | B115: =SQRT(F112*F112+G112*G112) -> 43.486522 | C115: =G112/B115 -> 0.85428241 | D115: =F112/B115 -> -0.51980916

Sheet Sheet1
