Workbook

Sheet L0
A1: 序号 | B1: X1 | C1: Y1 | D1: X2 | E1: Y2 | F1: X3 | G1: Y3 | H1: X4 | I1: Y4
A2: 25 | B2: 836 | C2: 469 | D2: 933 | E2: 567 | F2: 892 | G2: 552 | H2: 896 | I2: 556
A3: 45 | B3: 833 | C3: 472 | D3: 929 | E3: 568 | F3: 893 | G3: 553 | H3: 896 | I3: 559
A4: 65 | B4: 829 | C4: 474 | D4: 926 | E4: 570 | F4: 892 | G4: 555 | H4: 895 | I4: 560
A5: 85 | B5: 825 | C5: 477 | D5: 921 | E5: 572 | F5: 892 | G5: 556 | H5: 894 | I5: 561
A6: 105 | B6: 822 | C6: 479 | D6: 917 | E6: 574 | F6: 891 | G6: 557 | H6: 894 | I6: 561
A7: 125 | B7: 818 | C7: 482 | D7: 913 | E7: 576 | F7: 890 | G7: 557 | H7: 894 | I7: 561
A8: 145 | B8: 815 | C8: 484 | D8: 910 | E8: 579 | F8: 890 | G8: 557 | H8: 892 | I8: 562
A9: 165 | B9: 811 | C9: 486 | D9: 906 | E9: 581 | F9: 889 | G9: 557 | H9: 891 | I9: 562
A10: 185 | B10: 807 | C10: 489 | D10: 902 | E10: 584 | F10: 887 | G10: 557 | H10: 890 | I10: 561
A11: 205 | B11: 803 | C11: 492 | D11: 899 | E11: 586 | F11: 885 | G11: 556 | H11: 888 | I11: 560
A12: 225 | B12: 800 | C12: 494 | D12: 894 | E12: 588 | F12: 883 | G12: 555 | H12: 886 | I12: 559
A13: 245 | B13: 796 | C13: 496 | D13: 890 | E13: 591 | F13: 880 | G13: 554 | H13: 884 | I13: 558
... A19: 365 | B19: 774 | C19: 512 | D19: 868 | E19: 606 | F19: 859 | G19: 548 | H19: 864 | I19: 552

Sheet L1
A1: 序号 | B1: X0 | C1: Y0 | D1: R | E1: X5 | F1: Y5
A2: 25 | B2: =(L0!B2+L0!D2)/2 -> 884.5 | C2: =(L0!C2+L0!E2)/2 -> 518 | D2: =(L0!D2-L0!B2+L0!E2-L0!C2)/4 -> 48.75 | E2: =(L0!F2+L0!H2)/2 -> 894 | F2: =(L0!G2+L0!I2)/2 -> 554
A3: 45 | B3: =(L0!B3+L0!D3)/2 -> 881 | C3: =(L0!C3+L0!E3)/2 -> 520 | D3: =(L0!D3-L0!B3+L0!E3-L0!C3)/4 -> 48 | E3: =(L0!F3+L0!H3)/2 -> 894.5 | F3: =(L0!G3+L0!I3)/2 -> 556
A4: 65 | B4: =(L0!B4+L0!D4)/2 -> 877.5 | C4: =(L0!C4+L0!E4)/2 -> 522 | D4: =(L0!D4-L0!B4+L0!E4-L0!C4)/4 -> 48.25 | E4: =(L0!F4+L0!H4)/2 -> 893.5 | F4: =(L0!G4+L0!I4)/2 -> 557.5
A5: 85 | B5: =(L0!B5+L0!D5)/2 -> 873 | C5: =(L0!C5+L0!E5)/2 -> 524.5 | D5: =(L0!D5-L0!B5+L0!E5-L0!C5)/4 -> 47.75 | E5: =(L0!F5+L0!H5)/2 -> 893 | F5: =(L0!G5+L0!I5)/2 -> 558.5
A6: 105 | B6: =(L0!B6+L0!D6)/2 -> 869.5 | C6: =(L0!C6+L0!E6)/2 -> 526.5 | D6: =(L0!D6-L0!B6+L0!E6-L0!C6)/4 -> 47.5 | E6: =(L0!F6+L0!H6)/2 -> 892.5 | F6: =(L0!G6+L0!I6)/2 -> 559
A7: 125 | B7: =(L0!B7+L0!D7)/2 -> 865.5 | C7: =(L0!C7+L0!E7)/2 -> 529 | D7: =(L0!D7-L0!B7+L0!E7-L0!C7)/4 -> 47.25 | E7: =(L0!F7+L0!H7)/2 -> 892 | F7: =(L0!G7+L0!I7)/2 -> 559
A8: 145 | B8: =(L0!B8+L0!D8)/2 -> 862.5 | C8: =(L0!C8+L0!E8)/2 -> 531.5 | D8: =(L0!D8-L0!B8+L0!E8-L0!C8)/4 -> 47.5 | E8: =(L0!F8+L0!H8)/2 -> 891 | F8: =(L0!G8+L0!I8)/2 -> 559.5
A9: 165 | B9: =(L0!B9+L0!D9)/2 -> 858.5 | C9: =(L0!C9+L0!E9)/2 -> 533.5 | D9: =(L0!D9-L0!B9+L0!E9-L0!C9)/4 -> 47.5 | E9: =(L0!F9+L0!H9)/2 -> 890 | F9: =(L0!G9+L0!I9)/2 -> 559.5
A10: 185 | B10: =(L0!B10+L0!D10)/2 -> 854.5 | C10: =(L0!C10+L0!E10)/2 -> 536.5 | D10: =(L0!D10-L0!B10+L0!E10-L0!C10)/4 -> 47.5 | E10: =(L0!F10+L0!H10)/2 -> 888.5 | F10: =(L0!G10+L0!I10)/2 -> 559
A11: 205 | B11: =(L0!B11+L0!D11)/2 -> 851 | C11: =(L0!C11+L0!E11)/2 -> 539 | D11: =(L0!D11-L0!B11+L0!E11-L0!C11)/4 -> 47.5 | E11: =(L0!F11+L0!H11)/2 -> 886.5 | F11: =(L0!G11+L0!I11)/2 -> 558
A12: 225 | B12: =(L0!B12+L0!D12)/2 -> 847 | C12: =(L0!C12+L0!E12)/2 -> 541 | D12: =(L0!D12-L0!B12+L0!E12-L0!C12)/4 -> 47 | E12: =(L0!F12+L0!H12)/2 -> 884.5 | F12: =(L0!G12+L0!I12)/2 -> 557
A13: 245 | B13: =(L0!B13+L0!D13)/2 -> 843 | C13: =(L0!C13+L0!E13)/2 -> 543.5 | D13: =(L0!D13-L0!B13+L0!E13-L0!C13)/4 -> 47.25 | E13: =(L0!F13+L0!H13)/2 -> 882 | F13: =(L0!G13+L0!I13)/2 -> 556
... A19: 365 | B19: =(L0!B19+L0!D19)/2 -> 821 | C19: =(L0!C19+L0!E19)/2 -> 559 | D19: =(L0!D19-L0!B19+L0!E19-L0!C19)/4 -> 47 | E19: =(L0!F19+L0!H19)/2 -> 861.5 | F19: =(L0!G19+L0!I19)/2 -> 550
D20: =AVERAGE(D2:D19) -> 47.444444

Sheet L2
A1: 序号 | B1: X6 | C1: Y6 | D1: Z6 | E1: X9 | F1: Y9 | H1: X6(降噪) | I1: Y6(降噪) | J1: Z6(降噪)
A2: 25 | B2: ='L1'!E2-'L1'!B2 -> 9.5 | C2: =-('L1'!F2-'L1'!C2) -> -36 | D2: =SQRT(47.44*47.44-B2*B2-C2*C2) -> 29.399041 | E2: =COS(3.14/9*((A2-25)/20))*47.44 -> 47.44 | F2: =SIN(3.14/9*((A2-25)/20))*47.44 -> 0 | H2: ='L1'!E2-球心降噪!B2 -> 9.4415205 | I2: =-('L1'!F2-球心降噪!C2) -> -36.903509 | J2: =SQRT(47.44*47.44-H2*H2-I2*I2) -> 28.27618
A3: 45 | B3: ='L1'!E3-'L1'!B3 -> 13.5 | C3: =-('L1'!F3-'L1'!C3) -> -36 | D3: =SQRT(47.44*47.44-B3*B3-C3*C3) -> 27.790351 | E3: =COS(3.14/9*((A3-25)/20))*47.44 -> 44.581889 | F3: =SIN(3.14/9*((A3-25)/20))*47.44 -> 16.217547 | H3: ='L1'!E3-球心降噪!B3 -> 13.680427 | I3: =-('L1'!F3-球心降噪!C3) -> -36.46388 | J3: =SQRT(47.44*47.44-H3*H3-I3*I3) -> 27.088466
A4: 65 | B4: ='L1'!E4-'L1'!B4 -> 16 | C4: =-('L1'!F4-'L1'!C4) -> -35.5 | D4: =SQRT(47.44*47.44-B4*B4-C4*C4) -> 27.098037 | E4: =COS(3.14/9*((A4-25)/20))*47.44 -> 36.351939 | F4: =SIN(3.14/9*((A4-25)/20))*47.44 -> 30.48098 | H4: ='L1'!E4-球心降噪!B4 -> 16.419333 | I4: =-('L1'!F4-球心降噪!C4) -> -35.524252 | J4: =SQRT(47.44*47.44-H4*H4-I4*I4) -> 26.813926
A5: 85 | B5: ='L1'!E5-'L1'!B5 -> 20 | C5: =-('L1'!F5-'L1'!C5) -> -34 | D5: =SQRT(47.44*47.44-B5*B5-C5*C5) -> 26.354385 | E5: =COS(3.14/9*((A5-25)/20))*47.44 -> 23.741808 | F5: =SIN(3.14/9*((A5-25)/20))*47.44 -> 41.071647 | H5: ='L1'!E5-球心降噪!B5 -> 19.658239 | I5: =-('L1'!F5-球心降噪!C5) -> -34.084623 | J5: =SQRT(47.44*47.44-H5*H5-I5*I5) -> 26.501806
A6: 105 | B6: ='L1'!E6-'L1'!B6 -> 23 | C6: =-('L1'!F6-'L1'!C6) -> -32.5 | D6: =SQRT(47.44*47.44-B6*B6-C6*C6) -> 25.79348 | E6: =COS(3.14/9*((A6-25)/20))*47.44 -> 8.2709375 | F6: =SIN(3.14/9*((A6-25)/20))*47.44 -> 46.713437 | H6: ='L1'!E6-球心降噪!B6 -> 22.897145 | I6: =-('L1'!F6-球心降噪!C6) -> -32.144995 | J6: =SQRT(47.44*47.44-H6*H6-I6*I6) -> 26.324393
A7: 125 | B7: ='L1'!E7-'L1'!B7 -> 26.5 | C7: =-('L1'!F7-'L1'!C7) -> -30 | D7: =SQRT(47.44*47.44-B7*B7-C7*C7) -> 25.461807 | E7: =COS(3.14/9*((A7-25)/20))*47.44 -> -8.1965288 | F7: =SIN(3.14/9*((A7-25)/20))*47.44 -> 46.72655 | H7: ='L1'!E7-球心降噪!B7 -> 26.136051 | I7: =-('L1'!F7-球心降噪!C7) -> -29.705366 | J7: =SQRT(47.44*47.44-H7*H7-I7*I7) -> 26.173491
A8: 145 | B8: ='L1'!E8-'L1'!B8 -> 28.5 | C8: =-('L1'!F8-'L1'!C8) -> -28 | D8: =SQRT(47.44*47.44-B8*B8-C8*C8) -> 25.579359 | E8: =COS(3.14/9*((A8-25)/20))*47.44 -> -23.676365 | F8: =SIN(3.14/9*((A8-25)/20))*47.44 -> 41.109407 | H8: ='L1'!E8-球心降噪!B8 -> 28.874957 | I8: =-('L1'!F8-球心降噪!C8) -> -27.765738 | J8: =SQRT(47.44*47.44-H8*H8-I8*I8) -> 25.413663
A9: 165 | B9: ='L1'!E9-'L1'!B9 -> 31.5 | C9: =-('L1'!F9-'L1'!C9) -> -26 | D9: =SQRT(47.44*47.44-B9*B9-C9*C9) -> 24.130968 | E9: =COS(3.14/9*((A9-25)/20))*47.44 -> -36.303347 | F9: =SIN(3.14/9*((A9-25)/20))*47.44 -> 30.538838 | H9: ='L1'!E9-球心降噪!B9 -> 31.613863 | I9: =-('L1'!F9-球心降噪!C9) -> -25.326109 | J9: =SQRT(47.44*47.44-H9*H9-I9*I9) -> 24.692214
A10: 185 | B10: ='L1'!E10-'L1'!B10 -> 34 | C10: =-('L1'!F10-'L1'!C10) -> -22.5 | D10: =SQRT(47.44*47.44-B10*B10-C10*C10) -> 24.254971 | E10: =COS(3.14/9*((A10-25)/20))*47.44 -> -44.556003 | F10: =SIN(3.14/9*((A10-25)/20))*47.44 -> 16.288529 | H10: ='L1'!E10-球心降噪!B10 -> 33.852769 | I10: =-('L1'!F10-球心降噪!C10) -> -22.386481 | J10: =SQRT(47.44*47.44-H10*H10-I10*I10) -> 24.56398
A11: 205 | B11: ='L1'!E11-'L1'!B11 -> 35.5 | C11: =-('L1'!F11-'L1'!C11) -> -19 | D11: =SQRT(47.44*47.44-B11*B11-C11*C11) -> 25.085924 | E11: =COS(3.14/9*((A11-25)/20))*47.44 -> -47.43994 | F11: =SIN(3.14/9*((A11-25)/20))*47.44 -> 0.075555454 | H11: ='L1'!E11-球心降噪!B11 -> 35.591675 | I11: =-('L1'!F11-球心降噪!C11) -> -18.946852 | J11: =SQRT(47.44*47.44-H11*H11-I11*I11) -> 24.99606
A12: 225 | B12: ='L1'!E12-'L1'!B12 -> 37.5 | C12: =-('L1'!F12-'L1'!C12) -> -16 | D12: =SQRT(47.44*47.44-B12*B12-C12*C12) -> 24.254971 | E12: =COS(3.14/9*((A12-25)/20))*47.44 -> -44.607661 | F12: =SIN(3.14/9*((A12-25)/20))*47.44 -> -16.146523 | H12: ='L1'!E12-球心降噪!B12 -> 37.330581 | I12: =-('L1'!F12-球心降噪!C12) -> -15.507224 | J12: =SQRT(47.44*47.44-H12*H12-I12*I12) -> 24.829565
A13: 245 | B13: ='L1'!E13-'L1'!B13 -> 39 | C13: =-('L1'!F13-'L1'!C13) -> -12.5 | D13: =SQRT(47.44*47.44-B13*B13-C13*C13) -> 23.943759 | E13: =COS(3.14/9*((A13-25)/20))*47.44 -> -36.400438 | F13: =SIN(3.14/9*((A13-25)/20))*47.44 -> -30.423046 | H13: ='L1'!E13-球心降噪!B13 -> 38.569487 | I13: =-('L1'!F13-球心降噪!C13) -> -12.067595 | J13: =SQRT(47.44*47.44-H13*H13-I13*I13) -> 24.845953
... A19: 365 | B19: ='L1'!E19-'L1'!B19 -> 40.5 | C19: =-('L1'!F19-'L1'!C19) -> 9 | D19: =SQRT(47.44*47.44-B19*B19-C19*C19) -> 23.006599 | E19: =COS(3.14/9*((A19-25)/20))*47.44 -> 44.530005 | F19: =SIN(3.14/9*((A19-25)/20))*47.44 -> -16.359471 | H19: ='L1'!E19-球心降噪!B19 -> 40.502924 | I19: =-('L1'!F19-球心降噪!C19) -> 8.5701754 | J19: =SQRT(47.44*47.44-H19*H19-I19*I19) -> 23.165035
A20: 385 | E20: =COS(3.14/9*((A20-25)/20))*47.44 -> 47.439759 | F20: =SIN(3.14/9*((A20-25)/20))*47.44 -> -0.15111072
A21: R=47.44

Sheet 圆
A1: 序号 | B1: X0 | C1: Y0 | D1: X1 | E1: Y1 | F1: Z | G1: X2 | H1: Y2 | I1: X3 | J1: Y3
A2: 0 | B2: =COS(A2*3.1416/9)*47.44 -> 47.44 | C2: =SIN(A2*3.1416/9)*47.44 -> 0 | D2: =COS(A2*3.1416/18+3.1416/30)*47.44 -> 47.180118 | E2: =SIN(A2*3.1416/18+3.1416/30)*47.44 -> 4.9588419 | F2: 20 | G2: =D2*COS(-3.1416/30)-E2*SIN(-3.1416/30) -> 47.44 | H2: =(D2*SIN(-3.1416/30)+E2*COS(-3.1416/30))*0.8 -> 0 | I2: =G2*COS(3.1416/30)-H2*SIN(3.1416/30) -> 47.180118 | J2: =G2*SIN(3.1416/30)+H2*COS(3.1416/30) -> 4.9588419
A3: 1 | B3: =COS(A3*3.1416/9)*47.44 -> 44.579005 | C3: =SIN(A3*3.1416/9)*47.44 -> 16.225472 | D3: =COS(A3*3.1416/18+3.1416/30)*47.44 -> 45.602246 | E3: =SIN(A3*3.1416/18+3.1416/30)*47.44 -> 13.076266 | G3: =D3*COS(-3.1416/30)-E3*SIN(-3.1416/30) -> 46.719276 | H3: =(D3*SIN(-3.1416/30)+E3*COS(-3.1416/30))*0.8 -> 6.5903109 | I3: =G3*COS(3.1416/30)-H3*SIN(3.1416/30) -> 45.774465 | J3: =G3*SIN(3.1416/30)+H3*COS(3.1416/30) -> 11.437714
A4: 2 | B4: =COS(A4*3.1416/9)*47.44 -> 36.341099 | C4: =SIN(A4*3.1416/9)*47.44 -> 30.493904 | D4: =COS(A4*3.1416/18+3.1416/30)*47.44 -> 42.638767 | E4: =SIN(A4*3.1416/18+3.1416/30)*47.44 -> 20.796372 | G4: =D4*COS(-3.1416/30)-E4*SIN(-3.1416/30) -> 44.579005 | H4: =(D4*SIN(-3.1416/30)+E4*COS(-3.1416/30))*0.8 -> 12.980378 | I4: =G4*COS(3.1416/30)-H4*SIN(3.1416/30) -> 42.977973 | J4: =G4*SIN(3.1416/30)+H4*COS(3.1416/30) -> 17.569055
A5: 3 | B5: =COS(A5*3.1416/9)*47.44 -> 23.719899 | C5: =SIN(A5*3.1416/9)*47.44 -> 41.084303 | D5: =COS(A5*3.1416/18+3.1416/30)*47.44 -> 38.379725 | E5: =SIN(A5*3.1416/18+3.1416/30)*47.44 -> 27.884589 | G5: =D5*COS(-3.1416/30)-E5*SIN(-3.1416/30) -> 41.084216 | H5: =(D5*SIN(-3.1416/30)+E5*COS(-3.1416/30))*0.8 -> 18.97604 | I5: =G5*COS(3.1416/30)-H5*SIN(3.1416/30) -> 38.87561 | J5: =G5*SIN(3.1416/30)+H5*COS(3.1416/30) -> 23.166567
A6: 4 | B6: =COS(A6*3.1416/9)*47.44 -> 8.237717 | C6: =SIN(A6*3.1416/9)*47.44 -> 46.719307 | D6: =COS(A6*3.1416/18+3.1416/30)*47.44 -> 32.954529 | E6: =SIN(A6*3.1416/18+3.1416/30)*47.44 -> 34.125542 | G6: =D6*COS(-3.1416/30)-E6*SIN(-3.1416/30) -> 36.341099 | H6: =(D6*SIN(-3.1416/30)+E6*COS(-3.1416/30))*0.8 -> 24.395123 | I6: =G6*COS(3.1416/30)-H6*SIN(3.1416/30) -> 33.592027 | J6: =G6*SIN(3.1416/30)+H6*COS(3.1416/30) -> 28.060171
A7: 5 | B7: =COS(A7*3.1416/9)*47.44 -> -8.2380602 | C7: =SIN(A7*3.1416/9)*47.44 -> 46.719246 | D7: =COS(A7*3.1416/18+3.1416/30)*47.44 -> 26.528021 | E7: =SIN(A7*3.1416/18+3.1416/30)*47.44 -> 39.329603 | G7: =D7*COS(-3.1416/30)-E7*SIN(-3.1416/30) -> 30.49377 | H7: =(D7*SIN(-3.1416/30)+E7*COS(-3.1416/30))*0.8 -> 29.072968 | I7: =G7*COS(3.1416/30)-H7*SIN(3.1416/30) -> 27.287761 | J7: =G7*SIN(3.1416/30)+H7*COS(3.1416/30) -> 32.101177
A8: 6 | B8: =COS(A8*3.1416/9)*47.44 -> -23.720201 | C8: =SIN(A8*3.1416/9)*47.44 -> 41.084129 | D8: =COS(A8*3.1416/18+3.1416/30)*47.44 -> 19.29547 | E8: =SIN(A8*3.1416/18+3.1416/30)*47.44 -> 43.338648 | G8: =D8*COS(-3.1416/30)-E8*SIN(-3.1416/30) -> 23.719899 | H8: =(D8*SIN(-3.1416/30)+E8*COS(-3.1416/30))*0.8 -> 32.867443 | I8: =G8*COS(3.1416/30)-H8*SIN(3.1416/30) -> 20.154367 | J8: =G8*SIN(3.1416/30)+H8*COS(3.1416/30) -> 35.166801
A9: 7 | B9: =COS(A9*3.1416/9)*47.44 -> -36.341323 | C9: =SIN(A9*3.1416/9)*47.44 -> 30.493637 | D9: =COS(A9*3.1416/18+3.1416/30)*47.44 -> 11.476632 | E9: =SIN(A9*3.1416/18+3.1416/30)*47.44 -> 46.030865 | G9: =D9*COS(-3.1416/30)-E9*SIN(-3.1416/30) -> 16.225308 | H9: =(D9*SIN(-3.1416/30)+E9*COS(-3.1416/30))*0.8 -> 35.663251 | I9: =G9*COS(3.1416/30)-H9*SIN(3.1416/30) -> 12.40859 | J9: =G9*SIN(3.1416/30)+H9*COS(3.1416/30) -> 37.163894
A10: 8 | B10: =COS(A10*3.1416/9)*47.44 -> -44.579124 | C10: =SIN(A10*3.1416/9)*47.44 -> 16.225144 | D10: =COS(A10*3.1416/18+3.1416/30)*47.44 -> 3.309081 | E10: =SIN(A10*3.1416/18+3.1416/30)*47.44 -> 47.32445 | G10: =D10*COS(-3.1416/30)-E10*SIN(-3.1416/30) -> 8.237717 | H10: =(D10*SIN(-3.1416/30)+E10*COS(-3.1416/30))*0.8 -> 37.375445 | I10: =G10*COS(3.1416/30)-H10*SIN(3.1416/30) -> 4.2857828 | J10: =G10*SIN(3.1416/30)+H10*COS(3.1416/30) -> 38.031776
A11: 9 | B11: =COS(A11*3.1416/9)*47.44 -> -47.44 | C11: =SIN(A11*3.1416/9)*47.44 -> -0.0003485137 | D11: =COS(A11*3.1416/18+3.1416/30)*47.44 -> -4.9590152 | E11: =SIN(A11*3.1416/18+3.1416/30)*47.44 -> 47.180099 | G11: =D11*COS(-3.1416/30)-E11*SIN(-3.1416/30) -> -0.00017425685 | H11: =(D11*SIN(-3.1416/30)+E11*COS(-3.1416/30))*0.8 -> 37.952 | I11: =G11*COS(3.1416/30)-H11*SIN(3.1416/30) -> -3.9672468 | J11: =G11*SIN(3.1416/30)+H11*COS(3.1416/30) -> 37.744076
A12: 10 | B12: =COS(A12*3.1416/9)*47.44 -> -44.578885 | C12: =SIN(A12*3.1416/9)*47.44 -> -16.225799 | D12: =COS(A12*3.1416/18+3.1416/30)*47.44 -> -13.076433 | E12: =SIN(A12*3.1416/18+3.1416/30)*47.44 -> 45.602198 | G12: =D12*COS(-3.1416/30)-E12*SIN(-3.1416/30) -> -8.2380602 | H12: =(D12*SIN(-3.1416/30)+E12*COS(-3.1416/30))*0.8 -> 37.375397 | I12: =G12*COS(3.1416/30)-H12*SIN(3.1416/30) -> -12.099733 | J12: =G12*SIN(3.1416/30)+H12*COS(3.1416/30) -> 36.309536
A13: 11 | B13: =COS(A13*3.1416/9)*47.44 -> -36.340875 | C13: =SIN(A13*3.1416/9)*47.44 -> -30.494171 | D13: =COS(A13*3.1416/18+3.1416/30)*47.44 -> -20.796529 | E13: =SIN(A13*3.1416/18+3.1416/30)*47.44 -> 42.638691 | G13: =D13*COS(-3.1416/30)-E13*SIN(-3.1416/30) -> -16.225636 | H13: =(D13*SIN(-3.1416/30)+E13*COS(-3.1416/30))*0.8 -> 35.663156 | I13: =G13*COS(3.1416/30)-H13*SIN(3.1416/30) -> -19.864573 | J13: =G13*SIN(3.1416/30)+H13*COS(3.1416/30) -> 33.771744
A14: 12 | B14: =COS(A14*3.1416/9)*47.44 -> -23.719598 | C14: =SIN(A14*3.1416/9)*47.44 -> -41.084477 | D14: =COS(A14*3.1416/18+3.1416/30)*47.44 -> -27.88473 | E14: =SIN(A14*3.1416/18+3.1416/30)*47.44 -> 38.379623 | G14: =D14*COS(-3.1416/30)-E14*SIN(-3.1416/30) -> -23.720201 | H14: =(D14*SIN(-3.1416/30)+E14*COS(-3.1416/30))*0.8 -> 32.867303 | I14: =G14*COS(3.1416/30)-H14*SIN(3.1416/30) -> -27.025836 | J14: =G14*SIN(3.1416/30)+H14*COS(3.1416/30) -> 30.20781
... A20: 18 | B20: =COS(A20*3.1416/9)*47.44 -> 47.44 | C20: =SIN(A20*3.1416/9)*47.44 -> 0.0006970274 | D20: =COS(A20*3.1416/18+3.1416/30)*47.44 -> -47.180081 | E20: =SIN(A20*3.1416/18+3.1416/30)*47.44 -> -4.9591885 | G20: =D20*COS(-3.1416/30)-E20*SIN(-3.1416/30) -> -47.44 | H20: =(D20*SIN(-3.1416/30)+E20*COS(-3.1416/30))*0.8 -> -0.00027881096 | I20: =G20*COS(3.1416/30)-H20*SIN(3.1416/30) -> -47.180088 | J20: =G20*SIN(3.1416/30)+H20*COS(3.1416/30) -> -4.9591191
A21: 19
A22: 20
A23: 21
A24: 22
A25: 23
A26: 24

Sheet L3
A1: 序号 | B1: X7 | C1: Y7 | D1: Z7 | E1: |S| | F1: X8 | G1: Y8 | H1: Z8 | I1: X9 | J1: Y9
A2: 25 | B2: ='L2'!C2*'L2'!D3-'L2'!D2*'L2'!C3 -> 57.912838 | C2: ='L2'!D2*'L2'!B3-'L2'!B2*'L2'!D3 -> 132.87872 | D2: ='L2'!B2*'L2'!C3-'L2'!C2*'L2'!B3 -> 144 | E2: =SQRT(B2*B2+C2*C2+D2*D2) -> 204.31997 | F2: =B2/E2*47.44 -> 13.446483 | G2: =C2/E2*47.44 -> 30.852424 | H2: =-D2/E2*47.44 -> -33.434617 | I2: =COS(3.14/9*((A2-25)/20))*47.44 -> 47.44 | J2: =SIN(3.14/9*((A2-25)/20))*47.44 -> 0
A3: 45 | B3: ='L2'!C3*'L2'!D4-'L2'!D3*'L2'!C4 -> 11.028129 | C3: ='L2'!D3*'L2'!B4-'L2'!B3*'L2'!D4 -> 78.822116 | D3: ='L2'!B3*'L2'!C4-'L2'!C3*'L2'!B4 -> 96.75 | E3: =SQRT(B3*B3+C3*C3+D3*D3) -> 125.28012 | F3: =B3/E3*47.44 -> 4.1760373 | G3: =C3/E3*47.44 -> 29.847682 | H3: =-D3/E3*47.44 -> -36.63646 | I3: =COS(3.14/9*((A3-25)/20))*47.44 -> 44.581889 | J3: =SIN(3.14/9*((A3-25)/20))*47.44 -> 16.217547
A4: 65 | B4: ='L2'!C4*'L2'!D5-'L2'!D4*'L2'!C5 -> -14.247409 | C4: ='L2'!D4*'L2'!B5-'L2'!B4*'L2'!D5 -> 120.29058 | D4: ='L2'!B4*'L2'!C5-'L2'!C4*'L2'!B5 -> 166 | E4: =SQRT(B4*B4+C4*C4+D4*D4) -> 205.4965 | F4: =B4/E4*47.44 -> -3.289093 | G4: =C4/E4*47.44 -> 27.769743 | H4: =-D4/E4*47.44 -> -38.322015 | I4: =COS(3.14/9*((A4-25)/20))*47.44 -> 36.351939 | J4: =SIN(3.14/9*((A4-25)/20))*47.44 -> 30.48098
A5: 85 | B5: ='L2'!C5*'L2'!D6-'L2'!D5*'L2'!C6 -> -20.460806 | C5: ='L2'!D5*'L2'!B6-'L2'!B5*'L2'!D6 -> 90.281255 | D5: ='L2'!B5*'L2'!C6-'L2'!C5*'L2'!B6 -> 132 | E5: =SQRT(B5*B5+C5*C5+D5*D5) -> 161.22453 | F5: =B5/E5*47.44 -> -6.0205517 | G5: =C5/E5*47.44 -> 26.565081 | H5: =-D5/E5*47.44 -> -38.840739 | I5: =COS(3.14/9*((A5-25)/20))*47.44 -> 23.741808 | J5: =SIN(3.14/9*((A5-25)/20))*47.44 -> 41.071647
A6: 105 | B6: ='L2'!C6*'L2'!D7-'L2'!D6*'L2'!C7 -> -53.704324 | C6: ='L2'!D6*'L2'!B7-'L2'!B6*'L2'!D7 -> 97.905661 | D6: ='L2'!B6*'L2'!C7-'L2'!C6*'L2'!B7 -> 171.25 | E6: =SQRT(B6*B6+C6*C6+D6*D6) -> 204.44128 | F6: =B6/E6*47.44 -> -12.461931 | G6: =C6/E6*47.44 -> 22.718722 | H6: =-D6/E6*47.44 -> -39.738062 | I6: =COS(3.14/9*((A6-25)/20))*47.44 -> 8.2709375 | J6: =SIN(3.14/9*((A6-25)/20))*47.44 -> 46.713437
A7: 125 | B7: ='L2'!C7*'L2'!D8-'L2'!D7*'L2'!C8 -> -54.450179 | C7: ='L2'!D7*'L2'!B8-'L2'!B7*'L2'!D8 -> 47.808481 | D7: ='L2'!B7*'L2'!C8-'L2'!C7*'L2'!B8 -> 113 | E7: =SQRT(B7*B7+C7*C7+D7*D7) -> 134.23663 | F7: =B7/E7*47.44 -> -19.243007 | G7: =C7/E7*47.44 -> 16.895793 | H7: =-D7/E7*47.44 -> -39.934852 | I7: =COS(3.14/9*((A7-25)/20))*47.44 -> -8.1965288 | J7: =SIN(3.14/9*((A7-25)/20))*47.44 -> 46.72655
A8: 145 | B8: ='L2'!C8*'L2'!D9-'L2'!D8*'L2'!C9 -> -10.603764 | C8: ='L2'!D8*'L2'!B9-'L2'!B8*'L2'!D9 -> 118.01723 | D8: ='L2'!B8*'L2'!C9-'L2'!C8*'L2'!B9 -> 141 | E8: =SQRT(B8*B8+C8*C8+D8*D8) -> 184.17792 | F8: =B8/E8*47.44 -> -2.7312859 | G8: =C8/E8*47.44 -> 30.398526 | H8: =-D8/E8*47.44 -> -36.31836 | I8: =COS(3.14/9*((A8-25)/20))*47.44 -> -23.676365 | J8: =SIN(3.14/9*((A8-25)/20))*47.44 -> 41.109407
A9: 165 | B9: ='L2'!C9*'L2'!D10-'L2'!D9*'L2'!C10 -> -87.682464 | C9: ='L2'!D9*'L2'!B10-'L2'!B9*'L2'!D10 -> 56.421326 | D9: ='L2'!B9*'L2'!C10-'L2'!C9*'L2'!B10 -> 175.25 | E9: =SQRT(B9*B9+C9*C9+D9*D9) -> 203.9219 | F9: =B9/E9*47.44 -> -20.39828 | G9: =C9/E9*47.44 -> 13.125749 | H9: =-D9/E9*47.44 -> -40.769823 | I9: =COS(3.14/9*((A9-25)/20))*47.44 -> -36.303347 | J9: =SIN(3.14/9*((A9-25)/20))*47.44 -> 30.538838
A10: 185 | B10: ='L2'!C10*'L2'!D11-'L2'!D10*'L2'!C11 -> -103.58886 | C10: ='L2'!D10*'L2'!B11-'L2'!B10*'L2'!D11 -> 8.1300296 | D10: ='L2'!B10*'L2'!C11-'L2'!C10*'L2'!B11 -> 152.75 | E10: =SQRT(B10*B10+C10*C10+D10*D10) -> 184.7412 | F10: =B10/E10*47.44 -> -26.600755 | G10: =C10/E10*47.44 -> 2.0877238 | H10: =-D10/E10*47.44 -> -39.224927 | I10: =COS(3.14/9*((A10-25)/20))*47.44 -> -44.556003 | J10: =SIN(3.14/9*((A10-25)/20))*47.44 -> 16.288529
A11: 205 | B11: ='L2'!C11*'L2'!D12-'L2'!D11*'L2'!C12 -> -59.469652 | C11: ='L2'!D11*'L2'!B12-'L2'!B11*'L2'!D12 -> 79.670706 | D11: ='L2'!B11*'L2'!C12-'L2'!C11*'L2'!B12 -> 144.5 | E11: =SQRT(B11*B11+C11*C11+D11*D11) -> 175.39758 | F11: =B11/E11*47.44 -> -16.08483 | G11: =C11/E11*47.44 -> 21.548634 | H11: =-D11/E11*47.44 -> -39.083094 | I11: =COS(3.14/9*((A11-25)/20))*47.44 -> -47.43994 | J11: =SIN(3.14/9*((A11-25)/20))*47.44 -> 0.075555454
A12: 225 | B12: ='L2'!C12*'L2'!D13-'L2'!D12*'L2'!C13 -> -79.913013 | C12: ='L2'!D12*'L2'!B13-'L2'!B12*'L2'!D13 -> 48.052888 | D12: ='L2'!B12*'L2'!C13-'L2'!C12*'L2'!B13 -> 155.25 | E12: =SQRT(B12*B12+C12*C12+D12*D12) -> 181.10144 | F12: =B12/E12*47.44 -> -20.933424 | G12: =C12/E12*47.44 -> 12.587581 | H12: =-D12/E12*47.44 -> -40.668147 | I12: =COS(3.14/9*((A12-25)/20))*47.44 -> -44.607661 | J12: =SIN(3.14/9*((A12-25)/20))*47.44 -> -16.146523
A13: 245 | B13: ='L2'!C13*'L2'!D14-'L2'!D13*'L2'!C14 -> -78.734182 | C13: ='L2'!D13*'L2'!B14-'L2'!B13*'L2'!D14 -> -9.5651843 | D13: ='L2'!B13*'L2'!C14-'L2'!C13*'L2'!B14 -> 123.25 | E13: =SQRT(B13*B13+C13*C13+D13*D13) -> 146.56441 | F13: =B13/E13*47.44 -> -25.484697 | G13: =C13/E13*47.44 -> -3.0960609 | H13: =-D13/E13*47.44 -> -39.893586 | I13: =COS(3.14/9*((A13-25)/20))*47.44 -> -36.400438 | J13: =SIN(3.14/9*((A13-25)/20))*47.44 -> -30.423046
... A18: 345 | B18: ='L2'!C18*'L2'!D19-'L2'!D18*'L2'!C19 -> -82.469905 | C18: ='L2'!D18*'L2'!B19-'L2'!B18*'L2'!D19 -> -2.7426616 | D18: ='L2'!B18*'L2'!C19-'L2'!C18*'L2'!B19 -> 146.25 | E18: =SQRT(B18*B18+C18*C18+D18*D18) -> 167.92221 | F18: =B18/E18*47.44 -> -23.298718 | G18: =C18/E18*47.44 -> -0.77483415 | H18: =-D18/E18*47.44 -> -41.317345 | I18: =COS(3.14/9*((A18-25)/20))*47.44 -> 36.254663 | J18: =SIN(3.14/9*((A18-25)/20))*47.44 -> -30.596618
A19: 365 | B19: =-('L2'!C19*'L2'!D2-'L2'!D19*'L2'!C2) -> -1092.8289 | C19: =-('L2'!D19*'L2'!B2-'L2'!B19*'L2'!D2) -> 972.09846 | D19: =-('L2'!B19*'L2'!C2-'L2'!C19*'L2'!B2) -> 1543.5 | E19: =SQRT(B19*B19+C19*C19+D19*D19) -> 2126.4155 | F19: =B19/E19*47.44 -> -24.380844 | G19: =C19/E19*47.44 -> 21.687366 | H19: =-D19/E19*47.44 -> -34.435246 | I19: =COS(3.14/9*((A19-25)/20))*47.44 -> 44.530005 | J19: =SIN(3.14/9*((A19-25)/20))*47.44 -> -16.359471
A20: 385 | I20: =COS(3.14/9*((A20-25)/20))*47.44 -> 47.439759 | J20: =SIN(3.14/9*((A20-25)/20))*47.44 -> -0.15111072
A21: R=47.44
A22: =SQRT(F19*F19+G19*G19)/47.44 -> 0.68783251 | B22: =SQRT(F19*F19+G19*G19) -> 32.630774 | C22: =G19/B22 -> 0.66462923 | D22: =F19/B22 -> -0.74717333

Sheet L4
A1: 序号 | B1: X7 | C1: Y7 | D1: Z7 | E1: |S| | F1: X8 | G1: Y8 | H1: Z8 | I1: X9 | J1: Y9
A2: 25 | B2: ='L2'!C2*'L2'!D4-'L2'!D2*'L2'!C4 -> 68.136623 | C2: ='L2'!D2*'L2'!B4-'L2'!B2*'L2'!D4 -> 212.9533 | D2: ='L2'!B2*'L2'!C4-'L2'!C2*'L2'!B4 -> 238.75 | E2: =SQRT(B2*B2+C2*C2+D2*D2) -> 327.09826 | F2: =B2/E2*47.44 -> 9.8820501 | G2: =C2/E2*47.44 -> 30.885229 | H2: =-D2/E2*47.44 -> -34.626598 | I2: =COS(3.14/9*((A2-25)/20))*47.44 -> 47.44 | J2: =SIN(3.14/9*((A2-25)/20))*47.44 -> 0
A3: 45 | B3: ='L2'!C3*'L2'!D5-'L2'!D3*'L2'!C5 -> -3.8859254 | C3: ='L2'!D3*'L2'!B5-'L2'!B3*'L2'!D5 -> 200.02282 | D3: ='L2'!B3*'L2'!C5-'L2'!C3*'L2'!B5 -> 261 | E3: =SQRT(B3*B3+C3*C3+D3*D3) -> 328.85442 | F3: =B3/E3*47.44 -> -0.56057723 | G3: =C3/E3*47.44 -> 28.854965 | H3: =-D3/E3*47.44 -> -37.651433 | I3: =COS(3.14/9*((A3-25)/20))*47.44 -> 44.581889 | J3: =SIN(3.14/9*((A3-25)/20))*47.44 -> 16.217547
A4: 65 | B4: ='L2'!C4*'L2'!D6-'L2'!D4*'L2'!C6 -> -34.982336 | C4: ='L2'!D4*'L2'!B6-'L2'!B4*'L2'!D6 -> 210.55917 | D4: ='L2'!B4*'L2'!C6-'L2'!C4*'L2'!B6 -> 296.5 | E4: =SQRT(B4*B4+C4*C4+D4*D4) -> 365.33707 | F4: =B4/E4*47.44 -> -4.5425502 | G4: =C4/E4*47.44 -> 27.341674 | H4: =-D4/E4*47.44 -> -38.501321 | I4: =COS(3.14/9*((A4-25)/20))*47.44 -> 36.351939 | J4: =SIN(3.14/9*((A4-25)/20))*47.44 -> 30.48098
A5: 85 | B5: ='L2'!C5*'L2'!D7-'L2'!D5*'L2'!C7 -> -75.069882 | C5: ='L2'!D5*'L2'!B7-'L2'!B5*'L2'!D7 -> 189.15506 | D5: ='L2'!B5*'L2'!C7-'L2'!C5*'L2'!B7 -> 301 | E5: =SQRT(B5*B5+C5*C5+D5*D5) -> 363.34023 | F5: =B5/E5*47.44 -> -9.8015989 | G5: =C5/E5*47.44 -> 24.697282 | H5: =-D5/E5*47.44 -> -39.300465 | I5: =COS(3.14/9*((A5-25)/20))*47.44 -> 23.741808 | J5: =SIN(3.14/9*((A5-25)/20))*47.44 -> 41.071647
A6: 105 | B6: ='L2'!C6*'L2'!D8-'L2'!D6*'L2'!C8 -> -109.11173 | C6: ='L2'!D6*'L2'!B8-'L2'!B6*'L2'!D8 -> 146.78892 | D6: ='L2'!B6*'L2'!C8-'L2'!C6*'L2'!B8 -> 282.25 | E6: =SQRT(B6*B6+C6*C6+D6*D6) -> 336.32933 | F6: =B6/E6*47.44 -> -15.390452 | G6: =C6/E6*47.44 -> 20.704904 | H6: =-D6/E6*47.44 -> -39.81199 | I6: =COS(3.14/9*((A6-25)/20))*47.44 -> 8.2709375 | J6: =SIN(3.14/9*((A6-25)/20))*47.44 -> 46.713437
A7: 125 | B7: ='L2'!C7*'L2'!D9-'L2'!D7*'L2'!C9 -> -61.922056 | C7: ='L2'!D7*'L2'!B9-'L2'!B7*'L2'!D9 -> 162.57627 | D7: ='L2'!B7*'L2'!C9-'L2'!C7*'L2'!B9 -> 256 | E7: =SQRT(B7*B7+C7*C7+D7*D7) -> 309.51799 | F7: =B7/E7*47.44 -> -9.4908291 | G7: =C7/E7*47.44 -> 24.918158 | H7: =-D7/E7*47.44 -> -39.237267 | I7: =COS(3.14/9*((A7-25)/20))*47.44 -> -8.1965288 | J7: =SIN(3.14/9*((A7-25)/20))*47.44 -> 46.72655
A8: 145 | B8: ='L2'!C8*'L2'!D10-'L2'!D8*'L2'!C10 -> -103.6036 | C8: ='L2'!D8*'L2'!B10-'L2'!B8*'L2'!D10 -> 178.43154 | D8: ='L2'!B8*'L2'!C10-'L2'!C8*'L2'!B10 -> 310.75 | E8: =SQRT(B8*B8+C8*C8+D8*D8) -> 373.01084 | F8: =B8/E8*47.44 -> -13.17644 | G8: =C8/E8*47.44 -> 22.693154 | H8: =-D8/E8*47.44 -> -39.521587 | I8: =COS(3.14/9*((A8-25)/20))*47.44 -> -23.676365 | J8: =SIN(3.14/9*((A8-25)/20))*47.44 -> 41.109407
A9: 165 | B9: ='L2'!C9*'L2'!D11-'L2'!D9*'L2'!C11 -> -193.74565 | C9: ='L2'!D9*'L2'!B11-'L2'!B9*'L2'!D11 -> 66.442735 | D9: ='L2'!B9*'L2'!C11-'L2'!C9*'L2'!B11 -> 324.5 | E9: =SQRT(B9*B9+C9*C9+D9*D9) -> 383.73463 | F9: =B9/E9*47.44 -> -23.952213 | G9: =C9/E9*47.44 -> 8.2141228 | H9: =-D9/E9*47.44 -> -40.116995 | I9: =COS(3.14/9*((A9-25)/20))*47.44 -> -36.303347 | J9: =SIN(3.14/9*((A9-25)/20))*47.44 -> 30.538838
A10: 185 | B10: ='L2'!C10*'L2'!D12-'L2'!D10*'L2'!C12 -> -157.65731 | C10: ='L2'!D10*'L2'!B12-'L2'!B10*'L2'!D12 -> 84.892397 | D10: ='L2'!B10*'L2'!C12-'L2'!C10*'L2'!B12 -> 299.75 | E10: =SQRT(B10*B10+C10*C10+D10*D10) -> 349.15986 | F10: =B10/E10*47.44 -> -21.42074 | G10: =C10/E10*47.44 -> 11.534245 | H10: =-D10/E10*47.44 -> -40.726732 | I10: =COS(3.14/9*((A10-25)/20))*47.44 -> -44.556003 | J10: =SIN(3.14/9*((A10-25)/20))*47.44 -> 16.288529
A11: 205 | B11: ='L2'!C11*'L2'!D13-'L2'!D11*'L2'!C13 -> -141.35737 | C11: ='L2'!D11*'L2'!B13-'L2'!B11*'L2'!D13 -> 128.3476 | D11: ='L2'!B11*'L2'!C13-'L2'!C11*'L2'!B13 -> 297.25 | E11: =SQRT(B11*B11+C11*C11+D11*D11) -> 353.28823 | F11: =B11/E11*47.44 -> -18.98165 | G11: =C11/E11*47.44 -> 17.234682 | H11: =-D11/E11*47.44 -> -39.915114 | I11: =COS(3.14/9*((A11-25)/20))*47.44 -> -47.43994 | J11: =SIN(3.14/9*((A11-25)/20))*47.44 -> 0.075555454
A12: 225 | B12: ='L2'!C12*'L2'!D14-'L2'!D12*'L2'!C14 -> -161.51364 | C12: ='L2'!D12*'L2'!B14-'L2'!B12*'L2'!D14 -> 39.471658 | D12: ='L2'!B12*'L2'!C14-'L2'!C12*'L2'!B14 -> 275.75 | E12: =SQRT(B12*B12+C12*C12+D12*D12) -> 321.99803 | F12: =B12/E12*47.44 -> -23.79582 | G12: =C12/E12*47.44 -> 5.8153631 | H12: =-D12/E12*47.44 -> -40.626273 | I12: =COS(3.14/9*((A12-25)/20))*47.44 -> -44.607661 | J12: =SIN(3.14/9*((A12-25)/20))*47.44 -> -16.146523
A13: 245 | B13: ='L2'!C13*'L2'!D15-'L2'!D13*'L2'!C15 -> -169.3631 | C13: ='L2'!D13*'L2'!B15-'L2'!B13*'L2'!D15 -> 30.434468 | D13: ='L2'!B13*'L2'!C15-'L2'!C13*'L2'!B15 -> 291.75 | E13: =SQRT(B13*B13+C13*C13+D13*D13) -> 338.71548 | F13: =B13/E13*47.44 -> -23.72075 | G13: =C13/E13*47.44 -> 4.2626075 | H13: =-D13/E13*47.44 -> -40.862082 | I13: =COS(3.14/9*((A13-25)/20))*47.44 -> -36.400438 | J13: =SIN(3.14/9*((A13-25)/20))*47.44 -> -30.423046
... A17: 325 | B17: ='L2'!C17*'L2'!D19-'L2'!D17*'L2'!C19 -> -160.06589 | C17: ='L2'!D17*'L2'!B19-'L2'!B17*'L2'!D19 -> -27.417953 | D17: ='L2'!B17*'L2'!C19-'L2'!C17*'L2'!B19 -> 292.5 | E17: =SQRT(B17*B17+C17*C17+D17*D17) -> 334.55804 | F17: =B17/E17*47.44 -> -22.697185 | G17: =C17/E17*47.44 -> -3.8878386 | H17: =-D17/E17*47.44 -> -41.476211 | I17: =COS(3.14/9*((A17-25)/20))*47.44 -> 23.610862 | J17: =SIN(3.14/9*((A17-25)/20))*47.44 -> -41.147063
A18: 345 | B18: =-('L2'!C18*'L2'!D2-'L2'!D18*'L2'!C2) -> -997.71952 | C18: =-('L2'!D18*'L2'!B2-'L2'!B18*'L2'!D2) -> 984.74302 | D18: =-('L2'!B18*'L2'!C2-'L2'!C18*'L2'!B2) -> 1528.25 | E18: =SQRT(B18*B18+C18*C18+D18*D18) -> 2073.8156 | F18: =B18/E18*47.44 -> -22.823541 | G18: =C18/E18*47.44 -> 22.526694 | H18: =-D18/E18*47.44 -> -34.959801 | I18: =COS(3.14/9*((A18-25)/20))*47.44 -> 36.254663 | J18: =SIN(3.14/9*((A18-25)/20))*47.44 -> -30.596618
A19: 365 | B19: =-('L2'!C19*'L2'!D3-'L2'!D19*'L2'!C3) -> -1078.3507 | C19: =-('L2'!D19*'L2'!B3-'L2'!B19*'L2'!D3) -> 814.92012 | D19: =-('L2'!B19*'L2'!C3-'L2'!C19*'L2'!B3) -> 1579.5 | E19: =SQRT(B19*B19+C19*C19+D19*D19) -> 2078.8832 | F19: =B19/E19*47.44 -> -24.607904 | G19: =C19/E19*47.44 -> 18.596432 | H19: =-D19/E19*47.44 -> -36.044103 | I19: =COS(3.14/9*((A19-25)/20))*47.44 -> 44.530005 | J19: =SIN(3.14/9*((A19-25)/20))*47.44 -> -16.359471
A21: R=47.44

Sheet Sheet2
A1: 序号 | B1: X7 | C1: Y7 | D1: Z7 | E1: |S| | F1: X8 | G1: Y8 | H1: Z8 | I1: X9 | J1: Y9 | K1: 归一化序号 | L1: X10 | M1: Y10 | N1: Z10
A2: 25 | B2: ='L2'!C2*'L2'!D4-'L2'!D2*'L2'!C4 -> 68.136623 | C2: ='L2'!D2*'L2'!B4-'L2'!B2*'L2'!D4 -> 212.9533 | D2: ='L2'!B2*'L2'!C4-'L2'!C2*'L2'!B4 -> 238.75 | E2: =SQRT(B2*B2+C2*C2+D2*D2) -> 327.09826 | F2: =B2/E2*47.44 -> 9.8820501 | G2: =C2/E2*47.44 -> 30.885229 | H2: =-D2/E2*47.44 -> -34.626598 | I2: =COS(3.14/9*((A2-25)/20))*47.44 -> 47.44 | J2: =SIN(3.14/9*((A2-25)/20))*47.44 -> 0 | K2: =(A2-25)/20 -> 0 | L2: =G2/SQRT(F2*F2+G2*G2)*47.44 -> 45.183521 | M2: =-F2/SQRT(F2*F2+G2*G2)*47.44 -> -14.456937 | N2: =SQRT(MAX(47.44*47.44-L2*L2-M2*M2,0)) -> 9.078709e-07
A3: 45 | B3: ='L2'!C3*'L2'!D5-'L2'!D3*'L2'!C5 -> -3.8859254 | C3: ='L2'!D3*'L2'!B5-'L2'!B3*'L2'!D5 -> 200.02282 | D3: ='L2'!B3*'L2'!C5-'L2'!C3*'L2'!B5 -> 261 | E3: =SQRT(B3*B3+C3*C3+D3*D3) -> 328.85442 | F3: =B3/E3*47.44 -> -0.56057723 | G3: =C3/E3*47.44 -> 28.854965 | H3: =-D3/E3*47.44 -> -37.651433 | I3: =COS(3.14/9*((A3-25)/20))*47.44 -> 44.581889 | J3: =SIN(3.14/9*((A3-25)/20))*47.44 -> 16.217547 | K3: =(A3-25)/20 -> 1
A4: 65 | B4: ='L2'!C4*'L2'!D6-'L2'!D4*'L2'!C6 -> -34.982336 | C4: ='L2'!D4*'L2'!B6-'L2'!B4*'L2'!D6 -> 210.55917 | D4: ='L2'!B4*'L2'!C6-'L2'!C4*'L2'!B6 -> 296.5 | E4: =SQRT(B4*B4+C4*C4+D4*D4) -> 365.33707 | F4: =B4/E4*47.44 -> -4.5425502 | G4: =C4/E4*47.44 -> 27.341674 | H4: =-D4/E4*47.44 -> -38.501321 | I4: =COS(3.14/9*((A4-25)/20))*47.44 -> 36.351939 | J4: =SIN(3.14/9*((A4-25)/20))*47.44 -> 30.48098 | K4: =(A4-25)/20 -> 2
A5: 85 | B5: ='L2'!C5*'L2'!D7-'L2'!D5*'L2'!C7 -> -75.069882 | C5: ='L2'!D5*'L2'!B7-'L2'!B5*'L2'!D7 -> 189.15506 | D5: ='L2'!B5*'L2'!C7-'L2'!C5*'L2'!B7 -> 301 | E5: =SQRT(B5*B5+C5*C5+D5*D5) -> 363.34023 | F5: =B5/E5*47.44 -> -9.8015989 | G5: =C5/E5*47.44 -> 24.697282 | H5: =-D5/E5*47.44 -> -39.300465 | I5: =COS(3.14/9*((A5-25)/20))*47.44 -> 23.741808 | J5: =SIN(3.14/9*((A5-25)/20))*47.44 -> 41.071647 | K5: =(A5-25)/20 -> 3
A6: 105 | B6: ='L2'!C6*'L2'!D8-'L2'!D6*'L2'!C8 -> -109.11173 | C6: ='L2'!D6*'L2'!B8-'L2'!B6*'L2'!D8 -> 146.78892 | D6: ='L2'!B6*'L2'!C8-'L2'!C6*'L2'!B8 -> 282.25 | E6: =SQRT(B6*B6+C6*C6+D6*D6) -> 336.32933 | F6: =B6/E6*47.44 -> -15.390452 | G6: =C6/E6*47.44 -> 20.704904 | H6: =-D6/E6*47.44 -> -39.81199 | I6: =COS(3.14/9*((A6-25)/20))*47.44 -> 8.2709375 | J6: =SIN(3.14/9*((A6-25)/20))*47.44 -> 46.713437 | K6: =(A6-25)/20 -> 4
A7: 125 | B7: ='L2'!C7*'L2'!D9-'L2'!D7*'L2'!C9 -> -61.922056 | C7: ='L2'!D7*'L2'!B9-'L2'!B7*'L2'!D9 -> 162.57627 | D7: ='L2'!B7*'L2'!C9-'L2'!C7*'L2'!B9 -> 256 | E7: =SQRT(B7*B7+C7*C7+D7*D7) -> 309.51799 | F7: =B7/E7*47.44 -> -9.4908291 | G7: =C7/E7*47.44 -> 24.918158 | H7: =-D7/E7*47.44 -> -39.237267 | I7: =COS(3.14/9*((A7-25)/20))*47.44 -> -8.1965288 | J7: =SIN(3.14/9*((A7-25)/20))*47.44 -> 46.72655 | K7: =(A7-25)/20 -> 5
A8: 145 | B8: ='L2'!C8*'L2'!D10-'L2'!D8*'L2'!C10 -> -103.6036 | C8: ='L2'!D8*'L2'!B10-'L2'!B8*'L2'!D10 -> 178.43154 | D8: ='L2'!B8*'L2'!C10-'L2'!C8*'L2'!B10 -> 310.75 | E8: =SQRT(B8*B8+C8*C8+D8*D8) -> 373.01084 | F8: =B8/E8*47.44 -> -13.17644 | G8: =C8/E8*47.44 -> 22.693154 | H8: =-D8/E8*47.44 -> -39.521587 | I8: =COS(3.14/9*((A8-25)/20))*47.44 -> -23.676365 | J8: =SIN(3.14/9*((A8-25)/20))*47.44 -> 41.109407 | K8: =(A8-25)/20 -> 6
A9: 165 | B9: ='L2'!C9*'L2'!D11-'L2'!D9*'L2'!C11 -> -193.74565 | C9: ='L2'!D9*'L2'!B11-'L2'!B9*'L2'!D11 -> 66.442735 | D9: ='L2'!B9*'L2'!C11-'L2'!C9*'L2'!B11 -> 324.5 | E9: =SQRT(B9*B9+C9*C9+D9*D9) -> 383.73463 | F9: =B9/E9*47.44 -> -23.952213 | G9: =C9/E9*47.44 -> 8.2141228 | H9: =-D9/E9*47.44 -> -40.116995 | I9: =COS(3.14/9*((A9-25)/20))*47.44 -> -36.303347 | J9: =SIN(3.14/9*((A9-25)/20))*47.44 -> 30.538838 | K9: =(A9-25)/20 -> 7
A10: 185 | B10: ='L2'!C10*'L2'!D12-'L2'!D10*'L2'!C12 -> -157.65731 | C10: ='L2'!D10*'L2'!B12-'L2'!B10*'L2'!D12 -> 84.892397 | D10: ='L2'!B10*'L2'!C12-'L2'!C10*'L2'!B12 -> 299.75 | E10: =SQRT(B10*B10+C10*C10+D10*D10) -> 349.15986 | F10: =B10/E10*47.44 -> -21.42074 | G10: =C10/E10*47.44 -> 11.534245 | H10: =-D10/E10*47.44 -> -40.726732 | I10: =COS(3.14/9*((A10-25)/20))*47.44 -> -44.556003 | J10: =SIN(3.14/9*((A10-25)/20))*47.44 -> 16.288529 | K10: =(A10-25)/20 -> 8
A11: 205 | B11: ='L2'!C11*'L2'!D13-'L2'!D11*'L2'!C13 -> -141.35737 | C11: ='L2'!D11*'L2'!B13-'L2'!B11*'L2'!D13 -> 128.3476 | D11: ='L2'!B11*'L2'!C13-'L2'!C11*'L2'!B13 -> 297.25 | E11: =SQRT(B11*B11+C11*C11+D11*D11) -> 353.28823 | F11: =B11/E11*47.44 -> -18.98165 | G11: =C11/E11*47.44 -> 17.234682 | H11: =-D11/E11*47.44 -> -39.915114 | I11: =COS(3.14/9*((A11-25)/20))*47.44 -> -47.43994 | J11: =SIN(3.14/9*((A11-25)/20))*47.44 -> 0.075555454 | K11: =(A11-25)/20 -> 9
A12: 225 | B12: ='L2'!C12*'L2'!D14-'L2'!D12*'L2'!C14 -> -161.51364 | C12: ='L2'!D12*'L2'!B14-'L2'!B12*'L2'!D14 -> 39.471658 | D12: ='L2'!B12*'L2'!C14-'L2'!C12*'L2'!B14 -> 275.75 | E12: =SQRT(B12*B12+C12*C12+D12*D12) -> 321.99803 | F12: =B12/E12*47.44 -> -23.79582 | G12: =C12/E12*47.44 -> 5.8153631 | H12: =-D12/E12*47.44 -> -40.626273 | I12: =COS(3.14/9*((A12-25)/20))*47.44 -> -44.607661 | J12: =SIN(3.14/9*((A12-25)/20))*47.44 -> -16.146523 | K12: =(A12-25)/20 -> 10
A13: 245 | B13: ='L2'!C13*'L2'!D15-'L2'!D13*'L2'!C15 -> -169.3631 | C13: ='L2'!D13*'L2'!B15-'L2'!B13*'L2'!D15 -> 30.434468 | D13: ='L2'!B13*'L2'!C15-'L2'!C13*'L2'!B15 -> 291.75 | E13: =SQRT(B13*B13+C13*C13+D13*D13) -> 338.71548 | F13: =B13/E13*47.44 -> -23.72075 | G13: =C13/E13*47.44 -> 4.2626075 | H13: =-D13/E13*47.44 -> -40.862082 | I13: =COS(3.14/9*((A13-25)/20))*47.44 -> -36.400438 | J13: =SIN(3.14/9*((A13-25)/20))*47.44 -> -30.423046 | K13: =(A13-25)/20 -> 11
A14: 265 | B14: ='L2'!C14*'L2'!D16-'L2'!D14*'L2'!C16 -> -189.5283 | C14: ='L2'!D14*'L2'!B16-'L2'!B14*'L2'!D16 -> 63.519282 | D14: ='L2'!B14*'L2'!C16-'L2'!C14*'L2'!B16 -> 330.25 | E14: =SQRT(B14*B14+C14*C14+D14*D14) -> 386.03205 | F14: =B14/E14*47.44 -> -23.29139 | G14: =C14/E14*47.44 -> 7.8059704 | H14: =-D14/E14*47.44 -> -40.584869 | I14: =COS(3.14/9*((A14-25)/20))*47.44 -> -23.80719 | J14: =SIN(3.14/9*((A14-25)/20))*47.44 -> -41.033782 | K14: =(A14-25)/20 -> 12
... A17: 325 | B17: ='L2'!C17*'L2'!D19-'L2'!D17*'L2'!C19 -> -160.06589 | C17: ='L2'!D17*'L2'!B19-'L2'!B17*'L2'!D19 -> -27.417953 | D17: ='L2'!B17*'L2'!C19-'L2'!C17*'L2'!B19 -> 292.5 | E17: =SQRT(B17*B17+C17*C17+D17*D17) -> 334.55804 | F17: =B17/E17*47.44 -> -22.697185 | G17: =C17/E17*47.44 -> -3.8878386 | H17: =-D17/E17*47.44 -> -41.476211 | I17: =COS(3.14/9*((A17-25)/20))*47.44 -> 23.610862 | J17: =SIN(3.14/9*((A17-25)/20))*47.44 -> -41.147063 | K17: =(A17-25)/20 -> 15
A18: 345 | B18: =-('L2'!C18*'L2'!D2-'L2'!D18*'L2'!C2) -> -997.71952 | C18: =-('L2'!D18*'L2'!B2-'L2'!B18*'L2'!D2) -> 984.74302 | D18: =-('L2'!B18*'L2'!C2-'L2'!C18*'L2'!B2) -> 1528.25 | E18: =SQRT(B18*B18+C18*C18+D18*D18) -> 2073.8156 | F18: =B18/E18*47.44 -> -22.823541 | G18: =C18/E18*47.44 -> 22.526694 | H18: =-D18/E18*47.44 -> -34.959801 | I18: =COS(3.14/9*((A18-25)/20))*47.44 -> 36.254663 | J18: =SIN(3.14/9*((A18-25)/20))*47.44 -> -30.596618 | K18: =(A18-25)/20 -> 16
A19: 365 | B19: =-('L2'!C19*'L2'!D3-'L2'!D19*'L2'!C3) -> -1078.3507 | C19: =-('L2'!D19*'L2'!B3-'L2'!B19*'L2'!D3) -> 814.92012 | D19: =-('L2'!B19*'L2'!C3-'L2'!C19*'L2'!B3) -> 1579.5 | E19: =SQRT(B19*B19+C19*C19+D19*D19) -> 2078.8832 | F19: =B19/E19*47.44 -> -24.607904 | G19: =C19/E19*47.44 -> 18.596432 | H19: =-D19/E19*47.44 -> -36.044103 | I19: =COS(3.14/9*((A19-25)/20))*47.44 -> 44.530005 | J19: =SIN(3.14/9*((A19-25)/20))*47.44 -> -16.359471 | K19: =(A19-25)/20 -> 17
A21: R=47.44
J24: ax+by+cz=0
J25: x*x+y*y+z*z=r*r

Sheet 球心降噪
A1: 序号 | B1: x0 | C1: y0 | D1: 联合优化相较于原始点距离 | E1: x1 | F1: y1 | G1: 分布优化相较于原始点距离
A2: 25 | B2: 884.55848 | C2: 517.09649 | D2: =SQRT((B2-'L1'!B2)^2+(C2-'L1'!C2)^2) -> 0.90539934 | E2: 884.55692 | F2: 517.09411 | G2: =SQRT((E2-'L1'!B2)^2+(F2-'L1'!C2)^2) -> 0.90767914
A3: 45 | B3: 880.81957 | C3: 519.53612 | D3: =SQRT((B3-'L1'!B3)^2+(C3-'L1'!C3)^2) -> 0.49773353 | E3: 880.8182 | F3: 519.53402 | G3: =SQRT((E3-'L1'!B3)^2+(F3-'L1'!C3)^2) -> 0.50019152
A4: 65 | B4: 877.08067 | C4: 521.97575 | D4: =SQRT((B4-'L1'!B4)^2+(C4-'L1'!C4)^2) -> 0.42003335 | E4: 877.07948 | F4: 521.97393 | G4: =SQRT((E4-'L1'!B4)^2+(F4-'L1'!C4)^2) -> 0.42132981
A5: 85 | B5: 873.34176 | C5: 524.41538 | D5: =SQRT((B5-'L1'!B5)^2+(C5-'L1'!C5)^2) -> 0.35208219 | E5: 873.34075 | F5: 524.41383 | G5: =SQRT((E5-'L1'!B5)^2+(F5-'L1'!C5)^2) -> 0.35148016
A6: 105 | B6: 869.60286 | C6: 526.85501 | D6: =SQRT((B6-'L1'!B6)^2+(C6-'L1'!C6)^2) -> 0.36960499 | E6: 869.60203 | F6: 526.85374 | G6: =SQRT((E6-'L1'!B6)^2+(F6-'L1'!C6)^2) -> 0.36816399
A7: 125 | B7: 865.86395 | C7: 529.29463 | D7: =SQRT((B7-'L1'!B7)^2+(C7-'L1'!C7)^2) -> 0.46826053 | E7: 865.86331 | F7: 529.29365 | G7: =SQRT((E7-'L1'!B7)^2+(F7-'L1'!C7)^2) -> 0.46714525
A8: 145 | B8: 862.12504 | C8: 531.73426 | D8: =SQRT((B8-'L1'!B8)^2+(C8-'L1'!C8)^2) -> 0.44212158 | E8: 862.12459 | F8: 531.73356 | G8: =SQRT((E8-'L1'!B8)^2+(F8-'L1'!C8)^2) -> 0.44213893
A9: 165 | B9: 858.38614 | C9: 534.17389 | D9: =SQRT((B9-'L1'!B9)^2+(C9-'L1'!C9)^2) -> 0.68344228 | E9: 858.38586 | F9: 534.17347 | G9: =SQRT((E9-'L1'!B9)^2+(F9-'L1'!C9)^2) -> 0.68307334
A10: 185 | B10: 854.64723 | C10: 536.61352 | D10: =SQRT((B10-'L1'!B10)^2+(C10-'L1'!C10)^2) -> 0.18591261 | E10: 854.64714 | F10: 536.61338 | G10: =SQRT((E10-'L1'!B10)^2+(F10-'L1'!C10)^2) -> 0.18575454
A11: 205 | B11: 850.90832 | C11: 539.05315 | D11: =SQRT((B11-'L1'!B11)^2+(C11-'L1'!C11)^2) -> 0.10596707 | E11: 850.90842 | F11: 539.05329 | G11: =SQRT((E11-'L1'!B11)^2+(F11-'L1'!C11)^2) -> 0.10595836
A12: 225 | B12: 847.16942 | C12: 541.49278 | D12: =SQRT((B12-'L1'!B12)^2+(C12-'L1'!C12)^2) -> 0.52108629 | E12: 847.16969 | F12: 541.4932 | G12: =SQRT((E12-'L1'!B12)^2+(F12-'L1'!C12)^2) -> 0.52157335
A13: 245 | B13: 843.43051 | C13: 543.9324 | D13: =SQRT((B13-'L1'!B13)^2+(C13-'L1'!C13)^2) -> 0.610176 | E13: 843.43097 | F13: 543.93311 | G13: =SQRT((E13-'L1'!B13)^2+(F13-'L1'!C13)^2) -> 0.61099565
... A19: 365 | B19: 820.99708 | C19: 558.57018 | D19: =SQRT((B19-'L1'!B19)^2+(C19-'L1'!C19)^2) -> 0.42983451 | E19: 820.99863 | F19: 558.57256 | G19: =SQRT((E19-'L1'!B19)^2+(F19-'L1'!C19)^2) -> 0.4274431

Sheet 旋转轴与投影
A1: 平面方程 | B1: A | C1: B | D1: C | E1: D | G1: 序号 | H1: X6(降噪) | I1: Y6(降噪) | J1: Z6(降噪) | L1: X6(未降噪) | M1: Y6(未降噪) | O1: X6(对比) | P1: Y6(对比)
A2: 球心降噪 | B2: 0.0863602 | C2: 0.0384723 | D2: 0.995521 | E2: -26.9584 | G2: 25 | H2: ='L2'!H2*COS(ATAN2($C$2,$B$2))-'L2'!I2*SIN(ATAN2($C$2,$B$2)) -> 37.551871 | I2: =('L2'!H2*SIN(ATAN2($C$2,$B$2))+'L2'!I2*COS(ATAN2($C$2,$B$2)))*COS(ATAN2(SQRT($B$2^2+$C$2^2),-$D$2))-'L2'!J2*SIN(ATAN2(SQRT($B$2^2+$C$2^2),-$D$2)) -> 27.545136 | J2: =('L2'!H2*SIN(ATAN2($C$2,$B$2))+'L2'!I2*COS(ATAN2($C$2,$B$2)))*SIN(ATAN2(SQRT($B$2^2+$C$2^2),-$D$2))+'L2'!J2*COS(ATAN2(SQRT($B$2^2+$C$2^2),-$D$2)) -> 9.0374828 | L2: ='L2'!B2*COS(ATAN2($C$3,$B$3))-'L2'!C2*SIN(ATAN2($C$3,$B$3)) -> 35.884515 | M2: =('L2'!B2*SIN(ATAN2($C$3,$B$3))+'L2'!C2*COS(ATAN2($C$3,$B$3)))*COS(ATAN2(SQRT($B$3^2+$C$3^2),-$D$3))-'L2'!D2*SIN(ATAN2(SQRT($B$3^2+$C$3^2),-$D$3)) -> 30.59715 | O2: ='L2'!B2*COS(ATAN2($C$4,$B$4))-'L2'!C2*SIN(ATAN2($C$4,$B$4)) -> 35.949852 | P2: =('L2'!B2*SIN(ATAN2($C$4,$B$4))+'L2'!C2*COS(ATAN2($C$4,$B$4)))*COS(ATAN2(SQRT($B$4^2+$C$4^2),-$D$4))-'L2'!D2*SIN(ATAN2(SQRT($B$4^2+$C$4^2),-$D$4)) -> 30.550899
A3: 球心未降噪 | B3: 0.157773 | C3: -0.00187582 | D3: 0.987474 | E3: -29.6533 | G3: 45 | H3: ='L2'!H3*COS(ATAN2($C$2,$B$2))-'L2'!I3*SIN(ATAN2($C$2,$B$2)) -> 38.87524 | I3: =('L2'!H3*SIN(ATAN2($C$2,$B$2))+'L2'!I3*COS(ATAN2($C$2,$B$2)))*COS(ATAN2(SQRT($B$2^2+$C$2^2),-$D$2))-'L2'!J3*SIN(ATAN2(SQRT($B$2^2+$C$2^2),-$D$2)) -> 26.745728 | J3: =('L2'!H3*SIN(ATAN2($C$2,$B$2))+'L2'!I3*COS(ATAN2($C$2,$B$2)))*SIN(ATAN2(SQRT($B$2^2+$C$2^2),-$D$2))+'L2'!J3*COS(ATAN2(SQRT($B$2^2+$C$2^2),-$D$2)) -> 4.8923769 | L3: ='L2'!B3*COS(ATAN2($C$3,$B$3))-'L2'!C3*SIN(ATAN2($C$3,$B$3)) -> 35.836961 | M3: =('L2'!B3*SIN(ATAN2($C$3,$B$3))+'L2'!C3*COS(ATAN2($C$3,$B$3)))*COS(ATAN2(SQRT($B$3^2+$C$3^2),-$D$3))-'L2'!D3*SIN(ATAN2(SQRT($B$3^2+$C$3^2),-$D$3)) -> 29.639703 | O3: ='L2'!B3*COS(ATAN2($C$4,$B$4))-'L2'!C3*SIN(ATAN2($C$4,$B$4)) -> 35.928944 | P3: =('L2'!B3*SIN(ATAN2($C$4,$B$4))+'L2'!C3*COS(ATAN2($C$4,$B$4)))*COS(ATAN2(SQRT($B$4^2+$C$4^2),-$D$4))-'L2'!D3*SIN(ATAN2(SQRT($B$4^2+$C$4^2),-$D$4)) -> 29.586279
B4: 0.158025 | C4: -0.000826 | D4: 1 | E4: -29.955569 | G4: 65 | H4: ='L2'!H4*COS(ATAN2($C$2,$B$2))-'L2'!I4*SIN(ATAN2($C$2,$B$2)) -> 39.131481 | I4: =('L2'!H4*SIN(ATAN2($C$2,$B$2))+'L2'!I4*COS(ATAN2($C$2,$B$2)))*COS(ATAN2(SQRT($B$2^2+$C$2^2),-$D$2))-'L2'!J4*SIN(ATAN2(SQRT($B$2^2+$C$2^2),-$D$2)) -> 26.7451 | J4: =('L2'!H4*SIN(ATAN2($C$2,$B$2))+'L2'!I4*COS(ATAN2($C$2,$B$2)))*SIN(ATAN2(SQRT($B$2^2+$C$2^2),-$D$2))+'L2'!J4*COS(ATAN2(SQRT($B$2^2+$C$2^2),-$D$2)) -> 1.9950988 | L4: ='L2'!B4*COS(ATAN2($C$3,$B$3))-'L2'!C4*SIN(ATAN2($C$3,$B$3)) -> 35.307275 | M4: =('L2'!B4*SIN(ATAN2($C$3,$B$3))+'L2'!C4*COS(ATAN2($C$3,$B$3)))*COS(ATAN2(SQRT($B$3^2+$C$3^2),-$D$3))-'L2'!D4*SIN(ATAN2(SQRT($B$3^2+$C$3^2),-$D$3)) -> 29.349556 | O4: ='L2'!B4*COS(ATAN2($C$4,$B$4))-'L2'!C4*SIN(ATAN2($C$4,$B$4)) -> 35.415884 | P4: =('L2'!B4*SIN(ATAN2($C$4,$B$4))+'L2'!C4*COS(ATAN2($C$4,$B$4)))*COS(ATAN2(SQRT($B$4^2+$C$4^2),-$D$4))-'L2'!D4*SIN(ATAN2(SQRT($B$4^2+$C$4^2),-$D$4)) -> 29.292263
G5: 85 | H5: ='L2'!H5*COS(ATAN2($C$2,$B$2))-'L2'!I5*SIN(ATAN2($C$2,$B$2)) -> 39.134459 | I5: =('L2'!H5*SIN(ATAN2($C$2,$B$2))+'L2'!I5*COS(ATAN2($C$2,$B$2)))*COS(ATAN2(SQRT($B$2^2+$C$2^2),-$D$2))-'L2'!J5*SIN(ATAN2(SQRT($B$2^2+$C$2^2),-$D$2)) -> 26.769476 | J5: =('L2'!H5*SIN(ATAN2($C$2,$B$2))+'L2'!I5*COS(ATAN2($C$2,$B$2)))*SIN(ATAN2(SQRT($B$2^2+$C$2^2),-$D$2))+'L2'!J5*COS(ATAN2(SQRT($B$2^2+$C$2^2),-$D$2)) -> -1.5629708 | L5: ='L2'!B5*COS(ATAN2($C$3,$B$3))-'L2'!C5*SIN(ATAN2($C$3,$B$3)) -> 33.759827 | M5: =('L2'!B5*SIN(ATAN2($C$3,$B$3))+'L2'!C5*COS(ATAN2($C$3,$B$3)))*COS(ATAN2(SQRT($B$3^2+$C$3^2),-$D$3))-'L2'!D5*SIN(ATAN2(SQRT($B$3^2+$C$3^2),-$D$3)) -> 29.243497 | O5: ='L2'!B5*COS(ATAN2($C$4,$B$4))-'L2'!C5*SIN(ATAN2($C$4,$B$4)) -> 33.894997 | P5: =('L2'!B5*SIN(ATAN2($C$4,$B$4))+'L2'!C5*COS(ATAN2($C$4,$B$4)))*COS(ATAN2(SQRT($B$4^2+$C$4^2),-$D$4))-'L2'!D5*SIN(ATAN2(SQRT($B$4^2+$C$4^2),-$D$4)) -> 29.180855
G6: 105 | H6: ='L2'!H6*COS(ATAN2($C$2,$B$2))-'L2'!I6*SIN(ATAN2($C$2,$B$2)) -> 38.680708 | I6: =('L2'!H6*SIN(ATAN2($C$2,$B$2))+'L2'!I6*COS(ATAN2($C$2,$B$2)))*COS(ATAN2(SQRT($B$2^2+$C$2^2),-$D$2))-'L2'!J6*SIN(ATAN2(SQRT($B$2^2+$C$2^2),-$D$2)) -> 26.947193 | J6: =('L2'!H6*SIN(ATAN2($C$2,$B$2))+'L2'!I6*COS(ATAN2($C$2,$B$2)))*SIN(ATAN2(SQRT($B$2^2+$C$2^2),-$D$2))+'L2'!J6*COS(ATAN2(SQRT($B$2^2+$C$2^2),-$D$2)) -> -5.31086 | L6: ='L2'!B6*COS(ATAN2($C$3,$B$3))-'L2'!C6*SIN(ATAN2($C$3,$B$3)) -> 32.224267 | M6: =('L2'!B6*SIN(ATAN2($C$3,$B$3))+'L2'!C6*COS(ATAN2($C$3,$B$3)))*COS(ATAN2(SQRT($B$3^2+$C$3^2),-$D$3))-'L2'!D6*SIN(ATAN2(SQRT($B$3^2+$C$3^2),-$D$3)) -> 29.160123 | O6: ='L2'!B6*COS(ATAN2($C$4,$B$4))-'L2'!C6*SIN(ATAN2($C$4,$B$4)) -> 32.379336 | P6: =('L2'!B6*SIN(ATAN2($C$4,$B$4))+'L2'!C6*COS(ATAN2($C$4,$B$4)))*COS(ATAN2(SQRT($B$4^2+$C$4^2),-$D$4))-'L2'!D6*SIN(ATAN2(SQRT($B$4^2+$C$4^2),-$D$4)) -> 29.093865
G7: 125 | H7: ='L2'!H7*COS(ATAN2($C$2,$B$2))-'L2'!I7*SIN(ATAN2($C$2,$B$2)) -> 37.770228 | I7: =('L2'!H7*SIN(ATAN2($C$2,$B$2))+'L2'!I7*COS(ATAN2($C$2,$B$2)))*COS(ATAN2(SQRT($B$2^2+$C$2^2),-$D$2))-'L2'!J7*SIN(ATAN2(SQRT($B$2^2+$C$2^2),-$D$2)) -> 27.170538 | J7: =('L2'!H7*SIN(ATAN2($C$2,$B$2))+'L2'!I7*COS(ATAN2($C$2,$B$2)))*SIN(ATAN2(SQRT($B$2^2+$C$2^2),-$D$2))+'L2'!J7*COS(ATAN2(SQRT($B$2^2+$C$2^2),-$D$2)) -> -9.2587981 | L7: ='L2'!B7*COS(ATAN2($C$3,$B$3))-'L2'!C7*SIN(ATAN2($C$3,$B$3)) -> 29.682834 | M7: =('L2'!B7*SIN(ATAN2($C$3,$B$3))+'L2'!C7*COS(ATAN2($C$3,$B$3)))*COS(ATAN2(SQRT($B$3^2+$C$3^2),-$D$3))-'L2'!D7*SIN(ATAN2(SQRT($B$3^2+$C$3^2),-$D$3)) -> 29.38012 | O7: ='L2'!B7*COS(ATAN2($C$4,$B$4))-'L2'!C7*SIN(ATAN2($C$4,$B$4)) -> 29.861076 | P7: =('L2'!B7*SIN(ATAN2($C$4,$B$4))+'L2'!C7*COS(ATAN2($C$4,$B$4)))*COS(ATAN2(SQRT($B$4^2+$C$4^2),-$D$4))-'L2'!D7*SIN(ATAN2(SQRT($B$4^2+$C$4^2),-$D$4)) -> 29.310526
G8: 145 | H8: ='L2'!H8*COS(ATAN2($C$2,$B$2))-'L2'!I8*SIN(ATAN2($C$2,$B$2)) -> 37.113011 | I8: =('L2'!H8*SIN(ATAN2($C$2,$B$2))+'L2'!I8*COS(ATAN2($C$2,$B$2)))*COS(ATAN2(SQRT($B$2^2+$C$2^2),-$D$2))-'L2'!J8*SIN(ATAN2(SQRT($B$2^2+$C$2^2),-$D$2)) -> 26.725267 | J8: =('L2'!H8*SIN(ATAN2($C$2,$B$2))+'L2'!I8*COS(ATAN2($C$2,$B$2)))*SIN(ATAN2(SQRT($B$2^2+$C$2^2),-$D$2))+'L2'!J8*COS(ATAN2(SQRT($B$2^2+$C$2^2),-$D$2)) -> -12.607067 | L8: ='L2'!B8*COS(ATAN2($C$3,$B$3))-'L2'!C8*SIN(ATAN2($C$3,$B$3)) -> 27.659198 | M8: =('L2'!B8*SIN(ATAN2($C$3,$B$3))+'L2'!C8*COS(ATAN2($C$3,$B$3)))*COS(ATAN2(SQRT($B$3^2+$C$3^2),-$D$3))-'L2'!D8*SIN(ATAN2(SQRT($B$3^2+$C$3^2),-$D$3)) -> 29.807994 | O8: ='L2'!B8*COS(ATAN2($C$4,$B$4))-'L2'!C8*SIN(ATAN2($C$4,$B$4)) -> 27.850649 | P8: =('L2'!B8*SIN(ATAN2($C$4,$B$4))+'L2'!C8*COS(ATAN2($C$4,$B$4)))*COS(ATAN2(SQRT($B$4^2+$C$4^2),-$D$4))-'L2'!D8*SIN(ATAN2(SQRT($B$4^2+$C$4^2),-$D$4)) -> 29.737182
G9: 165 | H9: ='L2'!H9*COS(ATAN2($C$2,$B$2))-'L2'!I9*SIN(ATAN2($C$2,$B$2)) -> 35.999065 | I9: =('L2'!H9*SIN(ATAN2($C$2,$B$2))+'L2'!I9*COS(ATAN2($C$2,$B$2)))*COS(ATAN2(SQRT($B$2^2+$C$2^2),-$D$2))-'L2'!J9*SIN(ATAN2(SQRT($B$2^2+$C$2^2),-$D$2)) -> 26.33744 | J9: =('L2'!H9*SIN(ATAN2($C$2,$B$2))+'L2'!I9*COS(ATAN2($C$2,$B$2)))*SIN(ATAN2(SQRT($B$2^2+$C$2^2),-$D$2))+'L2'!J9*COS(ATAN2(SQRT($B$2^2+$C$2^2),-$D$2)) -> -16.154262 | L9: ='L2'!B9*COS(ATAN2($C$3,$B$3))-'L2'!C9*SIN(ATAN2($C$3,$B$3)) -> 25.623674 | M9: =('L2'!B9*SIN(ATAN2($C$3,$B$3))+'L2'!C9*COS(ATAN2($C$3,$B$3)))*COS(ATAN2(SQRT($B$3^2+$C$3^2),-$D$3))-'L2'!D9*SIN(ATAN2(SQRT($B$3^2+$C$3^2),-$D$3)) -> 28.847313 | O9: ='L2'!B9*COS(ATAN2($C$4,$B$4))-'L2'!C9*SIN(ATAN2($C$4,$B$4)) -> 25.834996 | P9: =('L2'!B9*SIN(ATAN2($C$4,$B$4))+'L2'!C9*COS(ATAN2($C$4,$B$4)))*COS(ATAN2(SQRT($B$4^2+$C$4^2),-$D$4))-'L2'!D9*SIN(ATAN2(SQRT($B$4^2+$C$4^2),-$D$4)) -> 28.773176
G10: 185 | H10: ='L2'!H10*COS(ATAN2($C$2,$B$2))-'L2'!I10*SIN(ATAN2($C$2,$B$2)) -> 34.224923 | I10: =('L2'!H10*SIN(ATAN2($C$2,$B$2))+'L2'!I10*COS(ATAN2($C$2,$B$2)))*COS(ATAN2(SQRT($B$2^2+$C$2^2),-$D$2))-'L2'!J10*SIN(ATAN2(SQRT($B$2^2+$C$2^2),-$D$2)) -> 26.516227 | J10: =('L2'!H10*SIN(ATAN2($C$2,$B$2))+'L2'!I10*COS(ATAN2($C$2,$B$2)))*SIN(ATAN2(SQRT($B$2^2+$C$2^2),-$D$2))+'L2'!J10*COS(ATAN2(SQRT($B$2^2+$C$2^2),-$D$2)) -> -19.393246 | L10: ='L2'!B10*COS(ATAN2($C$3,$B$3))-'L2'!C10*SIN(ATAN2($C$3,$B$3)) -> 22.0942 | M10: =('L2'!B10*SIN(ATAN2($C$3,$B$3))+'L2'!C10*COS(ATAN2($C$3,$B$3)))*COS(ATAN2(SQRT($B$3^2+$C$3^2),-$D$3))-'L2'!D10*SIN(ATAN2(SQRT($B$3^2+$C$3^2),-$D$3)) -> 29.35763 | O10: ='L2'!B10*COS(ATAN2($C$4,$B$4))-'L2'!C10*SIN(ATAN2($C$4,$B$4)) -> 22.321976 | P10: =('L2'!B10*SIN(ATAN2($C$4,$B$4))+'L2'!C10*COS(ATAN2($C$4,$B$4)))*COS(ATAN2(SQRT($B$4^2+$C$4^2),-$D$4))-'L2'!D10*SIN(ATAN2(SQRT($B$4^2+$C$4^2),-$D$4)) -> 29.283024
G11: 205 | H11: ='L2'!H11*COS(ATAN2($C$2,$B$2))-'L2'!I11*SIN(ATAN2($C$2,$B$2)) -> 31.790585 | I11: =('L2'!H11*SIN(ATAN2($C$2,$B$2))+'L2'!I11*COS(ATAN2($C$2,$B$2)))*COS(ATAN2(SQRT($B$2^2+$C$2^2),-$D$2))-'L2'!J11*SIN(ATAN2(SQRT($B$2^2+$C$2^2),-$D$2)) -> 27.228875 | J11: =('L2'!H11*SIN(ATAN2($C$2,$B$2))+'L2'!I11*COS(ATAN2($C$2,$B$2)))*SIN(ATAN2(SQRT($B$2^2+$C$2^2),-$D$2))+'L2'!J11*COS(ATAN2(SQRT($B$2^2+$C$2^2),-$D$2)) -> -22.327129 | L11: ='L2'!B11*COS(ATAN2($C$3,$B$3))-'L2'!C11*SIN(ATAN2($C$3,$B$3)) -> 18.576615 | M11: =('L2'!B11*SIN(ATAN2($C$3,$B$3))+'L2'!C11*COS(ATAN2($C$3,$B$3)))*COS(ATAN2(SQRT($B$3^2+$C$3^2),-$D$3))-'L2'!D11*SIN(ATAN2(SQRT($B$3^2+$C$3^2),-$D$3)) -> 30.408269 | O11: ='L2'!B11*COS(ATAN2($C$4,$B$4))-'L2'!C11*SIN(ATAN2($C$4,$B$4)) -> 18.814184 | P11: =('L2'!B11*SIN(ATAN2($C$4,$B$4))+'L2'!C11*COS(ATAN2($C$4,$B$4)))*COS(ATAN2(SQRT($B$4^2+$C$4^2),-$D$4))-'L2'!D11*SIN(ATAN2(SQRT($B$4^2+$C$4^2),-$D$4)) -> 30.335069
G12: 225 | H12: ='L2'!H12*COS(ATAN2($C$2,$B$2))-'L2'!I12*SIN(ATAN2($C$2,$B$2)) -> 29.356248 | I12: =('L2'!H12*SIN(ATAN2($C$2,$B$2))+'L2'!I12*COS(ATAN2($C$2,$B$2)))*COS(ATAN2(SQRT($B$2^2+$C$2^2),-$D$2))-'L2'!J12*SIN(ATAN2(SQRT($B$2^2+$C$2^2),-$D$2)) -> 27.345628 | J12: =('L2'!H12*SIN(ATAN2($C$2,$B$2))+'L2'!I12*COS(ATAN2($C$2,$B$2)))*SIN(ATAN2(SQRT($B$2^2+$C$2^2),-$D$2))+'L2'!J12*COS(ATAN2(SQRT($B$2^2+$C$2^2),-$D$2)) -> -25.317602 | L12: ='L2'!B12*COS(ATAN2($C$3,$B$3))-'L2'!C12*SIN(ATAN2($C$3,$B$3)) -> 15.55305 | M12: =('L2'!B12*SIN(ATAN2($C$3,$B$3))+'L2'!C12*COS(ATAN2($C$3,$B$3)))*COS(ATAN2(SQRT($B$3^2+$C$3^2),-$D$3))-'L2'!D12*SIN(ATAN2(SQRT($B$3^2+$C$3^2),-$D$3)) -> 29.897642 | O12: ='L2'!B12*COS(ATAN2($C$4,$B$4))-'L2'!C12*SIN(ATAN2($C$4,$B$4)) -> 15.803771 | P12: =('L2'!B12*SIN(ATAN2($C$4,$B$4))+'L2'!C12*COS(ATAN2($C$4,$B$4)))*COS(ATAN2(SQRT($B$4^2+$C$4^2),-$D$4))-'L2'!D12*SIN(ATAN2(SQRT($B$4^2+$C$4^2),-$D$4)) -> 29.824029
G13: 245 | H13: ='L2'!H13*COS(ATAN2($C$2,$B$2))-'L2'!I13*SIN(ATAN2($C$2,$B$2)) -> 26.718444 | I13: =('L2'!H13*SIN(ATAN2($C$2,$B$2))+'L2'!I13*COS(ATAN2($C$2,$B$2)))*COS(ATAN2(SQRT($B$2^2+$C$2^2),-$D$2))-'L2'!J13*SIN(ATAN2(SQRT($B$2^2+$C$2^2),-$D$2)) -> 27.601265 | J13: =('L2'!H13*SIN(ATAN2($C$2,$B$2))+'L2'!I13*COS(ATAN2($C$2,$B$2)))*SIN(ATAN2(SQRT($B$2^2+$C$2^2),-$D$2))+'L2'!J13*COS(ATAN2(SQRT($B$2^2+$C$2^2),-$D$2)) -> -27.836101 | L13: ='L2'!B13*COS(ATAN2($C$3,$B$3))-'L2'!C13*SIN(ATAN2($C$3,$B$3)) -> 12.035464 | M13: =('L2'!B13*SIN(ATAN2($C$3,$B$3))+'L2'!C13*COS(ATAN2($C$3,$B$3)))*COS(ATAN2(SQRT($B$3^2+$C$3^2),-$D$3))-'L2'!D13*SIN(ATAN2(SQRT($B$3^2+$C$3^2),-$D$3)) -> 29.820423 | O13: ='L2'!B13*COS(ATAN2($C$4,$B$4))-'L2'!C13*SIN(ATAN2($C$4,$B$4)) -> 12.295978 | P13: =('L2'!B13*SIN(ATAN2($C$4,$B$4))+'L2'!C13*COS(ATAN2($C$4,$B$4)))*COS(ATAN2(SQRT($B$4^2+$C$4^2),-$D$4))-'L2'!D13*SIN(ATAN2(SQRT($B$4^2+$C$4^2),-$D$4)) -> 29.747908
G14: 265 | H14: ='L2'!H14*COS(ATAN2($C$2,$B$2))-'L2'!I14*SIN(ATAN2($C$2,$B$2)) -> 24.537369 | I14: =('L2'!H14*SIN(ATAN2($C$2,$B$2))+'L2'!I14*COS(ATAN2($C$2,$B$2)))*COS(ATAN2(SQRT($B$2^2+$C$2^2),-$D$2))-'L2'!J14*SIN(ATAN2(SQRT($B$2^2+$C$2^2),-$D$2)) -> 27.114148 | J14: =('L2'!H14*SIN(ATAN2($C$2,$B$2))+'L2'!I14*COS(ATAN2($C$2,$B$2)))*SIN(ATAN2(SQRT($B$2^2+$C$2^2),-$D$2))+'L2'!J14*COS(ATAN2(SQRT($B$2^2+$C$2^2),-$D$2)) -> -30.220756 | L14: ='L2'!B14*COS(ATAN2($C$3,$B$3))-'L2'!C14*SIN(ATAN2($C$3,$B$3)) -> 9.0297321 | M14: =('L2'!B14*SIN(ATAN2($C$3,$B$3))+'L2'!C14*COS(ATAN2($C$3,$B$3)))*COS(ATAN2(SQRT($B$3^2+$C$3^2),-$D$3))-'L2'!D14*SIN(ATAN2(SQRT($B$3^2+$C$3^2),-$D$3)) -> 30.438997 | O14: ='L2'!B14*COS(ATAN2($C$4,$B$4))-'L2'!C14*SIN(ATAN2($C$4,$B$4)) -> 9.2934057 | P14: =('L2'!B14*SIN(ATAN2($C$4,$B$4))+'L2'!C14*COS(ATAN2($C$4,$B$4)))*COS(ATAN2(SQRT($B$4^2+$C$4^2),-$D$4))-'L2'!D14*SIN(ATAN2(SQRT($B$4^2+$C$4^2),-$D$4)) -> 30.368968
G15: 285 | H15: ='L2'!H15*COS(ATAN2($C$2,$B$2))-'L2'!I15*SIN(ATAN2($C$2,$B$2)) -> 21.696098 | I15: =('L2'!H15*SIN(ATAN2($C$2,$B$2))+'L2'!I15*COS(ATAN2($C$2,$B$2)))*COS(ATAN2(SQRT($B$2^2+$C$2^2),-$D$2))-'L2'!J15*SIN(ATAN2(SQRT($B$2^2+$C$2^2),-$D$2)) -> 27.136159 | J15: =('L2'!H15*SIN(ATAN2($C$2,$B$2))+'L2'!I15*COS(ATAN2($C$2,$B$2)))*SIN(ATAN2(SQRT($B$2^2+$C$2^2),-$D$2))+'L2'!J15*COS(ATAN2(SQRT($B$2^2+$C$2^2),-$D$2)) -> -32.302659 | L15: ='L2'!B15*COS(ATAN2($C$3,$B$3))-'L2'!C15*SIN(ATAN2($C$3,$B$3)) -> 5.0181263 | M15: =('L2'!B15*SIN(ATAN2($C$3,$B$3))+'L2'!C15*COS(ATAN2($C$3,$B$3)))*COS(ATAN2(SQRT($B$3^2+$C$3^2),-$D$3))-'L2'!D15*SIN(ATAN2(SQRT($B$3^2+$C$3^2),-$D$3)) -> 30.182734 | O15: ='L2'!B15*COS(ATAN2($C$4,$B$4))-'L2'!C15*SIN(ATAN2($C$4,$B$4)) -> 5.2882334 | P15: =('L2'!B15*SIN(ATAN2($C$4,$B$4))+'L2'!C15*COS(ATAN2($C$4,$B$4)))*COS(ATAN2(SQRT($B$4^2+$C$4^2),-$D$4))-'L2'!D15*SIN(ATAN2(SQRT($B$4^2+$C$4^2),-$D$4)) -> 30.11515
G16: 305 | H16: ='L2'!H16*COS(ATAN2($C$2,$B$2))-'L2'!I16*SIN(ATAN2($C$2,$B$2)) -> 18.194632 | I16: =('L2'!H16*SIN(ATAN2($C$2,$B$2))+'L2'!I16*COS(ATAN2($C$2,$B$2)))*COS(ATAN2(SQRT($B$2^2+$C$2^2),-$D$2))-'L2'!J16*SIN(ATAN2(SQRT($B$2^2+$C$2^2),-$D$2)) -> 27.512486 | J16: =('L2'!H16*SIN(ATAN2($C$2,$B$2))+'L2'!I16*COS(ATAN2($C$2,$B$2)))*SIN(ATAN2(SQRT($B$2^2+$C$2^2),-$D$2))+'L2'!J16*COS(ATAN2(SQRT($B$2^2+$C$2^2),-$D$2)) -> -34.096511 | L16: ='L2'!B16*COS(ATAN2($C$3,$B$3))-'L2'!C16*SIN(ATAN2($C$3,$B$3)) -> 1.0124647 | M16: =('L2'!B16*SIN(ATAN2($C$3,$B$3))+'L2'!C16*COS(ATAN2($C$3,$B$3)))*COS(ATAN2(SQRT($B$3^2+$C$3^2),-$D$3))-'L2'!D16*SIN(ATAN2(SQRT($B$3^2+$C$3^2),-$D$3)) -> 29.991286 | O16: ='L2'!B16*COS(ATAN2($C$4,$B$4))-'L2'!C16*SIN(ATAN2($C$4,$B$4)) -> 1.2856746 | P16: =('L2'!B16*SIN(ATAN2($C$4,$B$4))+'L2'!C16*COS(ATAN2($C$4,$B$4)))*COS(ATAN2(SQRT($B$4^2+$C$4^2),-$D$4))-'L2'!D16*SIN(ATAN2(SQRT($B$4^2+$C$4^2),-$D$4)) -> 29.927027
... G19: 365 | H19: ='L2'!H19*COS(ATAN2($C$2,$B$2))-'L2'!I19*SIN(ATAN2($C$2,$B$2)) -> 8.6534875 | I19: =('L2'!H19*SIN(ATAN2($C$2,$B$2))+'L2'!I19*COS(ATAN2($C$2,$B$2)))*COS(ATAN2(SQRT($B$2^2+$C$2^2),-$D$2))-'L2'!J19*SIN(ATAN2(SQRT($B$2^2+$C$2^2),-$D$2)) -> 26.88883 | J19: =('L2'!H19*SIN(ATAN2($C$2,$B$2))+'L2'!I19*COS(ATAN2($C$2,$B$2)))*SIN(ATAN2(SQRT($B$2^2+$C$2^2),-$D$2))+'L2'!J19*COS(ATAN2(SQRT($B$2^2+$C$2^2),-$D$2)) -> -38.113798 | L19: ='L2'!B19*COS(ATAN2($C$3,$B$3))-'L2'!C19*SIN(ATAN2($C$3,$B$3)) -> -9.480849 | M19: =('L2'!B19*SIN(ATAN2($C$3,$B$3))+'L2'!C19*COS(ATAN2($C$3,$B$3)))*COS(ATAN2(SQRT($B$3^2+$C$3^2),-$D$3))-'L2'!D19*SIN(ATAN2(SQRT($B$3^2+$C$3^2),-$D$3)) -> 29.091332 | O19: ='L2'!B19*COS(ATAN2($C$4,$B$4))-'L2'!C19*SIN(ATAN2($C$4,$B$4)) -> -9.2115685 | P19: =('L2'!B19*SIN(ATAN2($C$4,$B$4))+'L2'!C19*COS(ATAN2($C$4,$B$4)))*COS(ATAN2(SQRT($B$4^2+$C$4^2),-$D$4))-'L2'!D19*SIN(ATAN2(SQRT($B$4^2+$C$4^2),-$D$4)) -> 29.038826
G20: 385
G21: R=47.44
